"canonical_asset_id","source_labels","source_occurrences","canonical_title","canonical_title_status","visible_text","normalized_text","text_fingerprint","text_fingerprint_status","file_sha256","perceptual_hash","image_width","image_height","aspect_ratio","preview_file","preview_width","preview_height","material_final_path","selection_map_path","asset_status"
"RDL-001","[""5.3A""]","[{""occurrenceId"":""5.3A-M1-RDL-01"",""set"":""5.3A"",""sourceDate"":""2026-05-03"",""sourceFile"":""5月/Questions/5.3A.pdf"",""questionRange"":{""start"":21,""end"":22},""rdlType"":""Read a flyer.""}]","University Robotics Club Workshop","reviewed_canonical","University Robotics Club Workshop
Join us at the Student Center on April 10 from 10:00 A.M. to 2:00 P.M. for a beginner-friendly robotics workshop. • Learn basic programming and build simple robots. • Materials provided • Undergraduate and graduate students Limited spots! Register on the Student Center website
or call 555-3311.
Location: 200 Elm Street","university robotics club workshop join us at the student center on april 10 from 10:00 a.m. to 2:00 p.m. for a beginner-friendly robotics workshop. • learn basic programming and build simple robots. • materials provided • undergraduate and graduate students limited spots! register on the student center website or call 555-3311. location: 200 elm street","sha256:3dea669fb4a623ce8e4a6f9d71dfa4887f9fd215cbdd61de452539576f2ed85c","available","d67047b95e314d1f31f11162de2ef08967998450fdbed5fe0c85fade3635bf87","bd20418a959fc797","608","362","1.67955801","RDL_DEDUP_PREVIEWS/RDL-001.jpg","608","362","public/reading/rdl/rdl-001/material_final.png","public/reading/rdl/rdl-001/selection_map.json","frozen_verified"
"RDL-002","[""5.3A"",""6.30B""]","[{""occurrenceId"":""5.3A-M1-RDL-02"",""set"":""5.3A"",""sourceDate"":""2026-05-03"",""sourceFile"":""5月/Questions/5.3A.pdf"",""questionRange"":{""start"":23,""end"":24},""rdlType"":""Read some instructions.""},{""occurrenceId"":""6.30B-M1-RDL-01"",""set"":""6.30B"",""sourceDate"":""2026-06-30"",""sourceFile"":""6月/PDF/M1_20260630B_ R_01-35_PDF.pdf"",""questionRange"":{""start"":21,""end"":22},""rdlType"":""Read some instructions.""}]","Dorm Printer Setup Instructions","reviewed_canonical","Dorm Printer Setup Instructions
Step 1: Remove the printer from the packaging.
Step 2: Connect the power cable to the printer and plug it into the wall socket.
Step 3: Open the front of the printer by pressing the labeled button.
Step 4: Install the ink cartridges.
Step 5: Turn on the printer and follow the on-screen steps to complete the process.","dorm printer setup instructions step 1: remove the printer from the packaging. step 2: connect the power cable to the printer and plug it into the wall socket. step 3: open the front of the printer by pressing the labeled button. step 4: install the ink cartridges. step 5: turn on the printer and follow the on-screen steps to complete the process.","sha256:a02fe09405c4c33917b841b9d6e18cff720ead81500b9476c5cf5cf257b74001","available","ef5bb11f4ccb824a5527379df8025f4b01a30d61f6cb181bd6d2b6371dd275ee","bf6a4ab4d025964b","558","361","1.54570637","RDL_DEDUP_PREVIEWS/RDL-002.jpg","558","361","public/reading/rdl/rdl-002/material_final.png","public/reading/rdl/rdl-002/selection_map.json","frozen_verified"
"RDL-003","[""5.3A"",""6.10"",""6.22""]","[{""occurrenceId"":""5.3A-M1-RDL-03"",""set"":""5.3A"",""sourceDate"":""2026-05-03"",""sourceFile"":""5月/Questions/5.3A.pdf"",""questionRange"":{""start"":25,""end"":27},""rdlType"":""Read a text-message chain.""},{""occurrenceId"":""6.10-M1-RDL-04"",""set"":""6.10"",""sourceDate"":""2026-06-10"",""sourceFile"":""6月/题目/套题/TOEFL_Reading_6.10.docx"",""questionRange"":{""start"":28,""end"":30},""rdlType"":""Read a text-message chain.""},{""occurrenceId"":""6.22-M1-RDL-04"",""set"":""6.22"",""sourceDate"":""2026-06-22"",""sourceFile"":""6月/题目/套题/TOEFL_Reading_6.22.docx"",""questionRange"":{""start"":28,""end"":30},""rdlType"":""Read a text-message chain.""}]","Mini Fridge Repair Chat","reviewed_canonical","Elena Rowe (4:44 P.M.) Hey Eli. I'm having a problem with my mini fridge. I hear the motor humming, but it's not cooling off. David from our history class tells me you're good at fixing things like this. Could you come by and have a look? Eli Molina (4:45 P.M.) Hey Elena. I'd be happy to take a look. Right now I'm in the library with my math study group. We just got here. Elena Rowe (4:46 P.M.) Oh, I didn't mean right away. Any time is good. Eli Molina (4:47 P.M.) How about tomorrow at 12:30? Elena Rowe (4:48 P.M.) My economics class starts at noon. Does 1:30 work? Eli Molina (4:50 P.M.) That works fine. Chances are it's a broken condenser coil. I've got an extra one, so I'll bring it with me. Elena Rowe (4:51 P.M.) Thank you so much!","elena rowe (4:44 p.m.) hey eli. i'm having a problem with my mini fridge. i hear the motor humming, but it's not cooling off. david from our history class tells me you're good at fixing things like this. could you come by and have a look? eli molina (4:45 p.m.) hey elena. i'd be happy to take a look. right now i'm in the library with my math study group. we just got here. elena rowe (4:46 p.m.) oh, i didn't mean right away. any time is good. eli molina (4:47 p.m.) how about tomorrow at 12:30? elena rowe (4:48 p.m.) my economics class starts at noon. does 1:30 work? eli molina (4:50 p.m.) that works fine. chances are it's a broken condenser coil. i've got an extra one, so i'll bring it with me. elena rowe (4:51 p.m.) thank you so much!","sha256:7076698f027ee9689dc9a2a4d7cbe15992830b66af74a7a8b27f6a526b9e6649","available","b952f9b689c2c7c50b2ce0ab10d5de0bdd19a3ec4f873aa95f264284d3b76965","af33376c166643c1","615","574","1.07142857","RDL_DEDUP_PREVIEWS/RDL-003.jpg","615","574","public/reading/rdl/rdl-003/material_final.png","public/reading/rdl/rdl-003/selection_map.json","frozen_verified"
"RDL-004","[""5.3A""]","[{""occurrenceId"":""5.3A-M1-RDL-04"",""set"":""5.3A"",""sourceDate"":""2026-05-03"",""sourceFile"":""5月/Questions/5.3A.pdf"",""questionRange"":{""start"":28,""end"":30},""rdlType"":""Read a notice.""}]","Full-Spectrum Wellness Journey","reviewed_canonical","IN TUNE WITH WELL-BEING: A Full-Spectrum Wellness Journey
Join us for In Tune With Well-Being: A Full-Spectrum Wellness Journey, a dynamic event designed to enhance your physical, mental, and emotional well-being, on Thursday, November 16 from 10 A.M. to 4 P.M. at the Rowancourt University Community Center.
Discover a range of activities including a restorative yoga session led by renowned instructor Lucas Gyeon, a mindfulness meditation workshop guided by Dr. Elara Mondragón, and a nutrition discussion featuring holistic health coach Jamie Khoa.
Engage in a thought-provoking panel discussion on the intersection of mental health and academic success with faculty members from the Department of Psychology.
Connect with health-conscious peers at our afternoon social, featuring live acoustic music by local students. Admission is free for all students and faculty. Preregistration is encouraged, but walk-ins are welcome! RSVP at wellness.rowancourt.edu. For more information, contact the Wellness Council at wellness@rowancourt.edu or visit our website.","in tune with well-being: a full-spectrum wellness journey join us for in tune with well-being: a full-spectrum wellness journey, a dynamic event designed to enhance your physical, mental, and emotional well-being, on thursday, november 16 from 10 a.m. to 4 p.m. at the rowancourt university community center. discover a range of activities including a restorative yoga session led by renowned instructor lucas gyeon, a mindfulness meditation workshop guided by dr. elara mondragón, and a nutrition discussion featuring holistic health coach jamie khoa. engage in a thought-provoking panel discussion on the intersection of mental health and academic success with faculty members from the department of psychology. connect with health-conscious peers at our afternoon social, featuring live acoustic music by local students. admission is free for all students and faculty. preregistration is encouraged, but walk-ins are welcome! rsvp at wellness.rowancourt.edu. for more information, contact the wellness council at wellness@rowancourt.edu or visit our website.","sha256:433ff3772bfe18807ca968c640e995a0ac9fdd86850bcacb6157d74c0a57175c","available","8cc49602f56e5a50ad8ad64363c8c07ea0c8cee81ed909b1c0382e145b56569e","bde8e0f1c0a49c1f","620","655","0.94656489","RDL_DEDUP_PREVIEWS/RDL-004.jpg","620","655","public/reading/rdl/rdl-004/material_final.png","public/reading/rdl/rdl-004/selection_map.json","frozen_verified"
"RDL-005","[""5.3B"",""6.6A""]","[{""occurrenceId"":""5.3B-M1-RDL-01"",""set"":""5.3B"",""sourceDate"":""2026-05-03"",""sourceFile"":""5月/Questions/5.3B.pdf"",""questionRange"":{""start"":21,""end"":22},""rdlType"":""Read an advertisement.""},{""occurrenceId"":""6.6A-M1-RDL-01"",""set"":""6.6A"",""sourceDate"":""2026-06-06"",""sourceFile"":""6月/PDF/6.6A-阅读.docx"",""questionRange"":{""start"":21,""end"":22},""rdlType"":""Read an advertisement.""}]","Life At Larkhaven","reviewed_canonical","Discover Larkhaven, where lecture halls open to cobblestone courtyards abuzz with debate and steaming coffee.
Ivy-clad dorms echo with laughter and late-night study sessions.
For students seeking a semester abroad, this vibrant town offers more than classes—it's a journey of ideas, friendships, and unforgettable experiences.
Come learn and explore.","discover larkhaven, where lecture halls open to cobblestone courtyards abuzz with debate and steaming coffee. ivy-clad dorms echo with laughter and late-night study sessions. for students seeking a semester abroad, this vibrant town offers more than classes—it's a journey of ideas, friendships, and unforgettable experiences. come learn and explore.","sha256:de76430fdf0e4e322f01873413f869630774086a3240ebe4cca704a8d52a378c","available","ce1ad53aabad1946579964633f375a6bf9eb6d226959a6bce698bec6fcc7e57d","a66ba30c5af04e3b","1124","880","1.27727273","RDL_DEDUP_PREVIEWS/RDL-005.jpg","800","626","public/reading/rdl/rdl-005/material_final.png","public/reading/rdl/rdl-005/selection_map.json","frozen_verified"
"RDL-006","[""5.3B"",""6.6A""]","[{""occurrenceId"":""5.3B-M1-RDL-02"",""set"":""5.3B"",""sourceDate"":""2026-05-03"",""sourceFile"":""5月/Questions/5.3B.pdf"",""questionRange"":{""start"":23,""end"":25},""rdlType"":""Read a schedule.""},{""occurrenceId"":""6.6A-M1-RDL-02"",""set"":""6.6A"",""sourceDate"":""2026-06-06"",""sourceFile"":""6月/PDF/6.6A-阅读.docx"",""questionRange"":{""start"":23,""end"":25},""rdlType"":""Read a schedule.""}]","University Health And Wellness Conference","reviewed_canonical","UNIVERSITY HEALTH AND WELLNESS CONFERENCE Join us on September 20 at Bergsen University for an inspiring day dedicated to your health and wellbeing!
Why attend? • Learn practical tips for boosting your energy and increasing your mental focus for more effective studying. • Chat with wellness professionals who specialize in student health. • Access free resources to support your mental and physical well-being. Schedule Highlights:
9:00 A.M.-10:00 A.M. Registration and Coffee: Meet speakers and fellow students. Keynote: Dr. Aisha Patel on ""The Future of Student 10:00A.M.-11:30 A.M. Healthcare"" Panel: ""Mental Health in the Classroom"" with David Chen, 11:30 A.M.-12:30 P.M. Sofia Martinez, and Dr. Priya Nair 12:30 P.M.-1:00 P.M. Lunch Panel: ""Balancing Academics and Wellness"" with Jamal 1:00 P.M.-2:00 P.M. Robinson, Mei Lin, and Elena Petrova Workshop: Nutrition and Fitness Tips for Busy Student Life 2:00 P.M.-3:30 P.M.
Register now: http://www.universitywellness.org All sessions held in the Butler Wellness Center.","university health and wellness conference join us on september 20 at bergsen university for an inspiring day dedicated to your health and wellbeing! why attend? • learn practical tips for boosting your energy and increasing your mental focus for more effective studying. • chat with wellness professionals who specialize in student health. • access free resources to support your mental and physical well-being. schedule highlights: 9:00 a.m.-10:00 a.m. registration and coffee: meet speakers and fellow students. keynote: dr. aisha patel on ""the future of student 10:00a.m.-11:30 a.m. healthcare"" panel: ""mental health in the classroom"" with david chen, 11:30 a.m.-12:30 p.m. sofia martinez, and dr. priya nair 12:30 p.m.-1:00 p.m. lunch panel: ""balancing academics and wellness"" with jamal 1:00 p.m.-2:00 p.m. robinson, mei lin, and elena petrova workshop: nutrition and fitness tips for busy student life 2:00 p.m.-3:30 p.m. register now: http://www.universitywellness.org all sessions held in the butler wellness center.","sha256:3419c73cabcd48ec87c7d5bca2e47bcbcecdccd621249bc6d69c6f508d881b28","available","d30bafbd8862f0d6c5177a5e509a9f2de8d7070c1a74f58f0a3deee30e10490e","a8afe2707a2e3e18","1258","1224","1.02777778","RDL_DEDUP_PREVIEWS/RDL-006.jpg","800","778","public/reading/rdl/rdl-006/material_final.png","public/reading/rdl/rdl-006/selection_map.json","frozen_verified"
"RDL-007","[""5.5A"",""5.5B""]","[{""occurrenceId"":""5.5A-M1-RDL-01"",""set"":""5.5A"",""sourceDate"":""2026-05-05"",""sourceFile"":""5月/Questions/5.5A-M1.pdf"",""questionRange"":{""start"":21,""end"":22},""rdlType"":""Read a notice.""},{""occurrenceId"":""5.5B-M1-RDL-01"",""set"":""5.5B"",""sourceDate"":""2026-05-05"",""sourceFile"":""5月/Questions/5.5B-M1.pdf"",""questionRange"":{""start"":21,""end"":22},""rdlType"":""Read a notice.""}]","Fall Midterm Schedule","reviewed_canonical","Fall Midterm Schedule
Exams run October 20-24. Divisional time blocks:
• Humanities: 9:00 A.M.-12:00 P.M. • Sciences: 12:00-3:00 P.м. (Lab courses: 1-4 P.M.) • Engineering: 3:00-6:00 P.M. See room assignments in Pemberton Hall and on the Registrar's website. Students must report conflicting exam timing to the Registrar by October 1.","fall midterm schedule exams run october 20-24. divisional time blocks: • humanities: 9:00 a.m.-12:00 p.m. • sciences: 12:00-3:00 p.м. (lab courses: 1-4 p.m.) • engineering: 3:00-6:00 p.m. see room assignments in pemberton hall and on the registrar's website. students must report conflicting exam timing to the registrar by october 1.","sha256:d07a16e6aea3c0cdd83b84055c444fb78fcf7ae27dc72c45b5bbb6ea8c05e4b7","available","44dbdd2388f307d953e84d28aafea8f87175745dcc22aa43a51256a9c62fe824","bdf06062661e9a9b","2144","1350","1.58814815","RDL_DEDUP_PREVIEWS/RDL-007.jpg","800","504","public/reading/rdl/rdl-007/material_final.png","public/reading/rdl/rdl-007/selection_map.json","frozen_verified"
"RDL-008","[""5.5A"",""5.5B""]","[{""occurrenceId"":""5.5A-M1-RDL-02"",""set"":""5.5A"",""sourceDate"":""2026-05-05"",""sourceFile"":""5月/Questions/5.5A-M1.pdf"",""questionRange"":{""start"":23,""end"":25},""rdlType"":""Read an email.""},{""occurrenceId"":""5.5B-M1-RDL-02"",""set"":""5.5B"",""sourceDate"":""2026-05-05"",""sourceFile"":""5月/Questions/5.5B-M1.pdf"",""questionRange"":{""start"":23,""end"":25},""rdlType"":""Read an email.""}]","Greetings From An Eliot Fan","reviewed_canonical","From: avelina@rowancourt.edu
Subject: Greetings from an Eliot fan
Dear Professor Stoll, I am seeking a sponsor for an independent study next semester. I propose to read three of George Eliot's novels and write a paper focusing on Eliot's treatment of social class. I became intrigued by Eliot when I read her novel Middlemarch in your Victorian Literature course and wanted to explore Eliot's work further. Since no courses offered this year include her novels, I can only pursue this project as an independent study. The novels I propose to read are Adam Bede, The Mill on the Floss, and Daniel Deronda. These are extremely long novels, but l am confident that I can complete the reading in one semester. I will also read critical essays on these novels and reviews of them that appeared during Eliot's lifetime. Please let me know if you would be willing to sponsor this project. Regards, Alyssa Avelin","from: avelina@rowancourt.edu subject: greetings from an eliot fan dear professor stoll, i am seeking a sponsor for an independent study next semester. i propose to read three of george eliot's novels and write a paper focusing on eliot's treatment of social class. i became intrigued by eliot when i read her novel middlemarch in your victorian literature course and wanted to explore eliot's work further. since no courses offered this year include her novels, i can only pursue this project as an independent study. the novels i propose to read are adam bede, the mill on the floss, and daniel deronda. these are extremely long novels, but l am confident that i can complete the reading in one semester. i will also read critical essays on these novels and reviews of them that appeared during eliot's lifetime. please let me know if you would be willing to sponsor this project. regards, alyssa avelin","sha256:ba4ff4c388f628a201bad1dc8e68532e77807933ae8e5b926df0ce3f697aeb4b","available","0e2e69285e1657bfafa705397b9b10b5ac2651a1b2c0b49dbba96c8998262591","bf38d03a90adea85","2198","1900","1.15684211","RDL_DEDUP_PREVIEWS/RDL-008.jpg","800","692","public/reading/rdl/rdl-008/material_final.png","public/reading/rdl/rdl-008/selection_map.json","frozen_verified"
"RDL-009","[""5.6A""]","[{""occurrenceId"":""5.6A-M1-RDL-01"",""set"":""5.6A"",""sourceDate"":""2026-05-06"",""sourceFile"":""5月/Questions/5.6A-M1.pdf"",""questionRange"":{""start"":21,""end"":22},""rdlType"":""Read a notice.""}]","Mystery Is A Must-See","reviewed_canonical","Mystery is a Must-See
Our undergraduate theater ensemble, the Hillside Group, will perform The Mystery at Morningside Manor this weekend. Expect intrigue of the highest quality! • Performances: 2:00 P.M. and 7:00 P.M. on Saturday and Sunday • Tickets: $5 for students, $7 for community members-available online or at the door","mystery is a must-see our undergraduate theater ensemble, the hillside group, will perform the mystery at morningside manor this weekend. expect intrigue of the highest quality! • performances: 2:00 p.m. and 7:00 p.m. on saturday and sunday • tickets: $5 for students, $7 for community members-available online or at the door","sha256:25a3c4a8e9d08e6e1aaa311a206d9e546f63f715ebc3cf3c4d82213202050312","available","94678944df3eba03df3126f303baf943a270fdb759f8d03f8274cd1fa0764258","950f4fb82e116bc5","2332","1274","1.83045526","RDL_DEDUP_PREVIEWS/RDL-009.jpg","800","437","public/reading/rdl/rdl-009/material_final.png","public/reading/rdl/rdl-009/selection_map.json","frozen_verified"
"RDL-010","[""5.6A"",""5.19""]","[{""occurrenceId"":""5.6A-M1-RDL-02"",""set"":""5.6A"",""sourceDate"":""2026-05-06"",""sourceFile"":""5月/Questions/5.6A-M1.pdf"",""questionRange"":{""start"":23,""end"":25},""rdlType"":""Read an article.""},{""occurrenceId"":""5.19-M1-RDL-04"",""set"":""5.19"",""sourceDate"":""2026-05-19"",""sourceFile"":""5月/Questions/5.19-M1.pdf"",""questionRange"":{""start"":28,""end"":30},""rdlType"":""Read an article.""}]","Student Film Showcase","reviewed_canonical","ON MARCH 18, FILM STUDIES MAJORS PRESENTED THEIR WORK AT ADLER AUDITORIUM.
Four short films created by students were screened, and each filmmaker answered questions from audience members. The films were striking in their variety. The program began with a whimsical animated film, Insides, depicting the internal organs of a human body interacting with one another like family members. Filmmaker Kat Morgan said the idea came to her while she was taking Human Anatomy 101. Next up was Alan Hinds' sober black-and-white documentary On My Feet, chronicling his brother's unsuccessful attempt to become a champion marathon runner. The third film in the series was Margot Bridges' comedy The Date, about a mismatched couple on a movie date.
And lastly, the audience saw The Friend, Priti Patel's tender depiction of a toddler's relationship with a protective dog. All four films were technically accomplished, engaging, and reflective of each filmmaker's distinctive, individual talents.","on march 18, film studies majors presented their work at adler auditorium. four short films created by students were screened, and each filmmaker answered questions from audience members. the films were striking in their variety. the program began with a whimsical animated film, insides, depicting the internal organs of a human body interacting with one another like family members. filmmaker kat morgan said the idea came to her while she was taking human anatomy 101. next up was alan hinds' sober black-and-white documentary on my feet, chronicling his brother's unsuccessful attempt to become a champion marathon runner. the third film in the series was margot bridges' comedy the date, about a mismatched couple on a movie date. and lastly, the audience saw the friend, priti patel's tender depiction of a toddler's relationship with a protective dog. all four films were technically accomplished, engaging, and reflective of each filmmaker's distinctive, individual talents.","sha256:f56b79413a6c0fea2220678120452cedbb82c3008322edf86b4bf9fb5a13341b","available","fb76ae27c01b3a9c7ec7ce7ed9fccb5013926923595d0c7b7789be92b4603233","a6e6f6948d191999","2428","2514","0.96579157","RDL_DEDUP_PREVIEWS/RDL-010.jpg","773","800","public/reading/rdl/rdl-010/material_final.png","public/reading/rdl/rdl-010/selection_map.json","frozen_verified"
"RDL-011","[""5.6B""]","[{""occurrenceId"":""5.6B-M1-RDL-01"",""set"":""5.6B"",""sourceDate"":""2026-05-06"",""sourceFile"":""5月/Questions/5.6B.pdf"",""questionRange"":{""start"":21,""end"":22},""rdlType"":""Read a notice.""}]","Dormitory Quiet Hours","reviewed_canonical","Dormitory Quiet Hours
On Sundays through Thursdays, quiet hours begin at 10:00 P.M. On Fridays and Saturdays, they begin at midnight.
• Please limit noise in hallways, lounges, and rooms. • Keep music and conversations at a low volume.
Violations will incur a $50 fine.
Contact Residence Life at 863-555-0153 with questions or concerns.","dormitory quiet hours on sundays through thursdays, quiet hours begin at 10:00 p.m. on fridays and saturdays, they begin at midnight. • please limit noise in hallways, lounges, and rooms. • keep music and conversations at a low volume. violations will incur a $50 fine. contact residence life at 863-555-0153 with questions or concerns.","sha256:cc9678b69a4af2e706d7c1d7780f9fbcf3832961fb33ebeef719c347e1731110","available","9f5cf5d5f63ddfd8d4eaec3051aafdeec6c003cb8e17256533ae51c2fb888bab","ad74d491c50f924f","1568","908","1.72687225","RDL_DEDUP_PREVIEWS/RDL-011.jpg","800","463","public/reading/rdl/rdl-011/material_final.png","public/reading/rdl/rdl-011/selection_map.json","frozen_verified"
"RDL-012","[""5.6B""]","[{""occurrenceId"":""5.6B-M1-RDL-02"",""set"":""5.6B"",""sourceDate"":""2026-05-06"",""sourceFile"":""5月/Questions/5.6B.pdf"",""questionRange"":{""start"":23,""end"":25},""rdlType"":""Read a notice.""}]","Cold And Flu Prevention","reviewed_canonical","Stay Healthy During + Cold And Flu Season
Cases of flu have been climbing this winter, and the Campus Health Services office is advising all students, faculty, and staff to take precautions.
Campus Health Services offers free flu vaccinations and recommends that everyone except those with vaccine allergies come to get the quick and effective shot.
In addition, measures like handwashing can make a big difference in reducing your exposure to the flu virus. And of course, if you feel sick, avoid close contact with others to keep from spreading your illness.
Flu symptoms include fever, aches, sore throat, and fatigue. While these symptoms are also typical of the common cold, the flu tends to come on quite rapidly and symptoms can be severe. Students experiencing these symptoms should see one of the Health Services doctors as soon as possible. In some cases, antiviral medication may be prescribed.","stay healthy during + cold and flu season cases of flu have been climbing this winter, and the campus health services office is advising all students, faculty, and staff to take precautions. campus health services offers free flu vaccinations and recommends that everyone except those with vaccine allergies come to get the quick and effective shot. in addition, measures like handwashing can make a big difference in reducing your exposure to the flu virus. and of course, if you feel sick, avoid close contact with others to keep from spreading your illness. flu symptoms include fever, aches, sore throat, and fatigue. while these symptoms are also typical of the common cold, the flu tends to come on quite rapidly and symptoms can be severe. students experiencing these symptoms should see one of the health services doctors as soon as possible. in some cases, antiviral medication may be prescribed.","sha256:4c5fb29a52746372cf51099ed7875633c7b51bdff8d3680164ab33849cd03b0b","available","06fba5278c2fc6c88279f2abeb994d2f04afb36bdc807c0c50233f13f9f0c1e9","a7637b623aa58d88","1678","1630","1.02944785","RDL_DEDUP_PREVIEWS/RDL-012.jpg","800","777","public/reading/rdl/rdl-012/material_final.png","public/reading/rdl/rdl-012/selection_map.json","frozen_verified"
"RDL-013","[""5.10A""]","[{""occurrenceId"":""5.10A-M1-RDL-01"",""set"":""5.10A"",""sourceDate"":""2026-05-10"",""sourceFile"":""5月/Questions/5.10A-M1.pdf"",""questionRange"":{""start"":21,""end"":22},""rdlType"":""Read a review.""}]","Tasty Bites","reviewed_canonical","Tasty Bites
Located near campus, Tasty Bites serves up local and international specialties. Offerings range from curries to pasta, appealing to a variety of palates. The cozy atmosphere and attentive staff make this spot great for casual hangouts as well as for special occasions.
Prices are high, but generous portions and top-notch ingredients provide good value.","tasty bites located near campus, tasty bites serves up local and international specialties. offerings range from curries to pasta, appealing to a variety of palates. the cozy atmosphere and attentive staff make this spot great for casual hangouts as well as for special occasions. prices are high, but generous portions and top-notch ingredients provide good value.","sha256:1af3d576858b3aa1ec82c0cdb376e22ff9919cb8ba5cbf9c62c4d027dec95283","available","010dc7338575187f11a5c9f513631c337d91dbf671d9a170daed03fc8bec7113","da256152adcada95","1039","554","1.87545126","RDL_DEDUP_PREVIEWS/RDL-013.jpg","800","427","public/reading/rdl/rdl-013/material_final.png","public/reading/rdl/rdl-013/selection_map.json","frozen_verified"
"RDL-014","[""5.10A"",""6.17A""]","[{""occurrenceId"":""5.10A-M1-RDL-02"",""set"":""5.10A"",""sourceDate"":""2026-05-10"",""sourceFile"":""5月/Questions/5.10A-M1.pdf"",""questionRange"":{""start"":23,""end"":25},""rdlType"":""Read a newspaper article.""},{""occurrenceId"":""6.17A-M1-RDL-02"",""set"":""6.17A"",""sourceDate"":""2026-06-17"",""sourceFile"":""6月/PDF/M1_202060617A_R_01-35_PDF.pdf"",""questionRange"":{""start"":23,""end"":25},""rdlType"":""Read a newspaper article.""}]","Revitalizing Ridgeview Campus Life","reviewed_canonical","Revitalizing Campus Life at Ridgeview University
Ridgeview University has launched a series of initiatives for enhancing student life this year. The university has introduced a new housing program that provides affordable dormitories with modern amenities. Aimed at fostering a sense of community, these dormitories include common areas for socializing and studying.
In response to student feedback, the university has also expanded its campus employment opportunities, offering over 200 new positions in various departments. Additionally, Ridgeview is boosting its volunteering programs through partnerships with local nonprofit organizations, enabling students to earn credits while making a positive impact in the community. “Our goal is to create an environment where students can thrive academically and socially,” said Evan Carrow, Dean of Student Life.
The student body has reacted positively, with many expressing appreciation for the university’s efforts to adapt to their needs. The administration hopes these changes will promote student satisfaction.","revitalizing campus life at ridgeview university ridgeview university has launched a series of initiatives for enhancing student life this year. the university has introduced a new housing program that provides affordable dormitories with modern amenities. aimed at fostering a sense of community, these dormitories include common areas for socializing and studying. in response to student feedback, the university has also expanded its campus employment opportunities, offering over 200 new positions in various departments. additionally, ridgeview is boosting its volunteering programs through partnerships with local nonprofit organizations, enabling students to earn credits while making a positive impact in the community. ""our goal is to create an environment where students can thrive academically and socially,"" said evan carrow, dean of student life. the student body has reacted positively, with many expressing appreciation for the university's efforts to adapt to their needs. the administration hopes these changes will promote student satisfaction.","sha256:23c2ef37b12a45e30645fd8843454eeb1c701f0cad5cdb0fa8b3396ec51d0fb6","available","b11aa8b514d35650dd3fe1d8f7cdfc99c756cc1d10b8b68f151504bb13353f11","ab60b561a1d1d62f","995","964","1.03215768","RDL_DEDUP_PREVIEWS/RDL-014.jpg","800","775","public/reading/rdl/rdl-014/material_final.png","public/reading/rdl/rdl-014/selection_map.json","frozen_verified"
"RDL-015","[""5.10B"",""5.13""]","[{""occurrenceId"":""5.10B-M1-RDL-01"",""set"":""5.10B"",""sourceDate"":""2026-05-10"",""sourceFile"":""5月/Questions/5.10B.docx"",""questionRange"":{""start"":21,""end"":22},""rdlType"":""Read an email.""},{""occurrenceId"":""5.13-M1-RDL-01"",""set"":""5.13"",""sourceDate"":""2026-05-13"",""sourceFile"":""5月/Questions/5.13-M1.pdf"",""questionRange"":{""start"":21,""end"":22},""rdlType"":""Read an email.""}]","Goodbooks Shipment","reviewed_canonical","Subject: GoodBooks shipment
Dear Mr. Brown,
GoodBooks has shipped your order, which will arrive on December 10. As a loyal customer, you will receive a free book with your order. On the basis of your purchasing history, we decided your complimentary book should be nonfiction.
Regards,
Olivia Harris","subject: goodbooks shipment dear mr. brown, goodbooks has shipped your order, which will arrive on december 10. as a loyal customer, you will receive a free book with your order. on the basis of your purchasing history, we decided your complimentary book should be nonfiction. regards, olivia harris","sha256:95b108a193c540944d7cac24ba6b66b5242eb22ba7bd1a1c43d17ea4a237374a","available","7421d2b965eb6c5a2406dbfa6b68cce1f88ddec62181f349ecb7430fc91aaeb0","953e3a916ac56ccc","2232","1234","1.80875203","RDL_DEDUP_PREVIEWS/RDL-015.jpg","800","442","public/reading/rdl/rdl-015/material_final.png","public/reading/rdl/rdl-015/selection_map.json","frozen_verified"
"RDL-016","[""5.10B""]","[{""occurrenceId"":""5.10B-M1-RDL-02"",""set"":""5.10B"",""sourceDate"":""2026-05-10"",""sourceFile"":""5月/Questions/5.10B.docx"",""questionRange"":{""start"":23,""end"":24},""rdlType"":""Read an excerpt from a syllabus.""}]","Literature 201: Introduction To World Literature","reviewed_canonical","Literature 201:
Introduction to World Literature
Discover the richness of global storytelling through works from Asia, Africa, and Latin America. Engage in weekly discussions on critical themes, cultural contexts, and historical influences. Enjoy guest lectures by acclaimed authors and craft a reflective paper by week eight. Additional assignments to be determined.","literature 201: introduction to world literature discover the richness of global storytelling through works from asia, africa, and latin america. engage in weekly discussions on critical themes, cultural contexts, and historical influences. enjoy guest lectures by acclaimed authors and craft a reflective paper by week eight. additional assignments to be determined.","sha256:0ca396c94c8860173a988cfad932912d413c79923c27530470e5486c9e7bb78e","available","401539a1fa6dcb4e8d57c7dde1ae9e80199d3e6d1236e08db0b1a2a17071d170","bf07978d484b4cd1","1563","872","1.79243119","RDL_DEDUP_PREVIEWS/RDL-016.jpg","800","446","public/reading/rdl/rdl-016/material_final.png","public/reading/rdl/rdl-016/selection_map.json","frozen_verified"
"RDL-017","[""5.10B"",""5.28""]","[{""occurrenceId"":""5.10B-M1-RDL-03"",""set"":""5.10B"",""sourceDate"":""2026-05-10"",""sourceFile"":""5月/Questions/5.10B.docx"",""questionRange"":{""start"":25,""end"":27},""rdlType"":""Read a text chain.""},{""occurrenceId"":""5.28-M1-RDL-04"",""set"":""5.28"",""sourceDate"":""2026-05-28"",""sourceFile"":""5月/Questions/5.28-M1.pdf"",""questionRange"":{""start"":28,""end"":30},""rdlType"":""Read a text chain.""}]","Concert Planning Chat","reviewed_canonical","Sandeep Patel (10:00 A.M.) Hey, are you coming to the concert tonight? I heard it's supposed to be amazing!
Fatima Khan (10:05 A.M.) I would like to, but one of my classmates has been out sick all week and our report is due tomorrow.
Sandeep Patel (10:07 A.M.) Oh no! That's a bummer.
Fatima Khan (10:10 A.M.) Yeah, it is. Maybe next time. Are you going with anyone? Sandeep Patel (10:12 A.M.) Actually, I'm going with my cousin from Bangalore. He's visiting for the weekend. Fatima Khan (10:15 A.M.) That's nice. Hope you both have a great time! Sandeep Patel (10:18 A.M.) Thanks. If you finish early, you're welcome to join us. Fatima Khan (10:20 A.M.) I'll keep that in mind and let you know later if I'm coming after all.","sandeep patel (10:00 a.m.) hey, are you coming to the concert tonight? i heard it's supposed to be amazing! fatima khan (10:05 a.m.) i would like to, but one of my classmates has been out sick all week and our report is due tomorrow. sandeep patel (10:07 a.m.) oh no! that's a bummer. fatima khan (10:10 a.m.) yeah, it is. maybe next time. are you going with anyone? sandeep patel (10:12 a.m.) actually, i'm going with my cousin from bangalore. he's visiting for the weekend. fatima khan (10:15 a.m.) that's nice. hope you both have a great time! sandeep patel (10:18 a.m.) thanks. if you finish early, you're welcome to join us. fatima khan (10:20 a.m.) i'll keep that in mind and let you know later if i'm coming after all.","sha256:f633021661c34ad5e57b23216975f94aecf8139b47232dd6a362244164bb49a2","available","e01face9c3226af8f4fe34249b66c38a41890b8868ab5459a2529625d16aadba","c0e23a626ba53f35","2248","2387","0.94176791","RDL_DEDUP_PREVIEWS/RDL-017.jpg","753","800","public/reading/rdl/rdl-017/material_final.png","public/reading/rdl/rdl-017/selection_map.json","frozen_verified"
"RDL-018","[""5.10B"",""6.10A""]","[{""occurrenceId"":""5.10B-M1-RDL-04"",""set"":""5.10B"",""sourceDate"":""2026-05-10"",""sourceFile"":""5月/Questions/5.10B.docx"",""questionRange"":{""start"":28,""end"":30},""rdlType"":""Read an email.""},{""occurrenceId"":""6.10A-M1-RDL-03"",""set"":""6.10A"",""sourceDate"":""2026-06-10"",""sourceFile"":""6月/PDF/M1_20260610A_R_01-35_PDF.pdf"",""questionRange"":{""start"":25,""end"":27},""rdlType"":""Read an email.""}]","Internship Fair Follow-Up","reviewed_canonical","Nia Thompson From:
To: BrightPath Analytics HR
Internship fair follow-up Subject:
Dear BrightPath Team,
Thanks for speaking with me yesterday about your summer analyst program. The hardware design, marketing analytics, cybersecurity, and data storytelling tracks each offer valuable opportunities not available at other companies. Storytelling particularly attracts me, since my communications minor would help me present findings to nontechnical audiences.
Per your request,I have attached my portfolio of data visualization dashboards and case studies. I am available for virtual interviews on most weekday mornings and can start work in June after final exams. I would also be glad to complete coding assessments to demonstrate the skills that I would bring to BrightPath from my computer science major.
Please let me know what the next steps are, and when you need transcripts and a reference letter from my advisor. Thanks again for visiting campus and engaging with students. Best regards, Nia","nia thompson from: to: brightpath analytics hr internship fair follow-up subject: dear brightpath team, thanks for speaking with me yesterday about your summer analyst program. the hardware design, marketing analytics, cybersecurity, and data storytelling tracks each offer valuable opportunities not available at other companies. storytelling particularly attracts me, since my communications minor would help me present findings to nontechnical audiences. per your request,i have attached my portfolio of data visualization dashboards and case studies. i am available for virtual interviews on most weekday mornings and can start work in june after final exams. i would also be glad to complete coding assessments to demonstrate the skills that i would bring to brightpath from my computer science major. please let me know what the next steps are, and when you need transcripts and a reference letter from my advisor. thanks again for visiting campus and engaging with students. best regards, nia","sha256:549b1d30aed87b89909be22cb61de2359e8b06e98a524a66d289d18060fa0328","available","8c245139b4240d2f52d7060474df6f5292655010b1b21714f3240d8d942e4d6b","bf3a1a28e0c4eace","1475","1563","0.94369802","RDL_DEDUP_PREVIEWS/RDL-018.jpg","755","800","public/reading/rdl/rdl-018/material_final.png","public/reading/rdl/rdl-018/selection_map.json","frozen_verified"
"RDL-019","[""5.11A""]","[{""occurrenceId"":""5.11A-M1-RDL-01"",""set"":""5.11A"",""sourceDate"":""2026-05-11"",""sourceFile"":""5月/Questions/5.11A-M1.pdf"",""questionRange"":{""start"":21,""end"":22},""rdlType"":""Read a course description.""}]","Engl 102: Introduction To Literature Ii","reviewed_canonical","ENGL 102: Introduction to Literature II
• Explores poetry, drama, and fiction through historical lenses. • Students develop analytical and interpretative skills through writing assignments. • Designed to deepen student awareness and love of literature. • Open to undergraduates who have completed ENGL 101.
Spring semester, MWF 9-10 A.M.
Instructor: Dr. Nadeem Al-Farsi.","engl 102: introduction to literature ii • explores poetry, drama, and fiction through historical lenses. • students develop analytical and interpretative skills through writing assignments. • designed to deepen student awareness and love of literature. • open to undergraduates who have completed engl 101. spring semester, mwf 9-10 a.m. instructor: dr. nadeem al-farsi.","sha256:100eedd294b7100daca8913df24ca6496fa3ec22d82f3293e9b45f9972278f3b","available","161d8413fb268346f2264bdbd29ee8b1c3b6bffe01a283a0a413fb94abc529ee","bd0f61f11e944e43","2100","1226","1.71288744","RDL_DEDUP_PREVIEWS/RDL-019.jpg","800","467","public/reading/rdl/rdl-019/material_final.png","public/reading/rdl/rdl-019/selection_map.json","frozen_verified"
"RDL-020","[""5.11A"",""6.9A"",""6.21A"",""6.21B"",""6.22A"",""6.23A""]","[{""occurrenceId"":""5.11A-M1-RDL-02"",""set"":""5.11A"",""sourceDate"":""2026-05-11"",""sourceFile"":""5月/Questions/5.11A-M1.pdf"",""questionRange"":{""start"":23,""end"":24},""rdlType"":""Read some instructions.""},{""occurrenceId"":""6.9A-M1-RDL-01"",""set"":""6.9A"",""sourceDate"":""2026-06-09"",""sourceFile"":""6月/PDF/M1_20260609A_R_01-35_PDF.pdf"",""questionRange"":{""start"":21,""end"":22},""rdlType"":""Read some instructions.""},{""occurrenceId"":""6.21A-M1-RDL-01"",""set"":""6.21A"",""sourceDate"":""2026-06-21"",""sourceFile"":""6月/PDF/M1_20260621A_ R_01-35_PDF.pdf"",""questionRange"":{""start"":21,""end"":22},""rdlType"":""Read some instructions.""},{""occurrenceId"":""6.21B-M1-RDL-01"",""set"":""6.21B"",""sourceDate"":""2026-06-21"",""sourceFile"":""6月/PDF/M1_20260621B_ R_01-35_PDF.pdf"",""questionRange"":{""start"":21,""end"":22},""rdlType"":""Read some instructions.""},{""occurrenceId"":""6.22A-M1-RDL-01"",""set"":""6.22A"",""sourceDate"":""2026-06-22"",""sourceFile"":""6月/PDF/M1_20260622A_ R_01-35_PDF.pdf"",""questionRange"":{""start"":21,""end"":22},""rdlType"":""Read some instructions.""},{""occurrenceId"":""6.23A-M1-RDL-01"",""set"":""6.23A"",""sourceDate"":""2026-06-23"",""sourceFile"":""6月/PDF/M1_20260623A_ R_01-35_PDF.pdf"",""questionRange"":{""start"":21,""end"":22},""rdlType"":""Read some instructions.""}]","Dorm Router Reset Instructions","reviewed_canonical","Instructions for Resetting Your Dorm Room Router
Step 1: Unplug the router from the power source.
Step 2: Wait for 30 seconds.
Step 3: Plug the router back into the power source.
Step 4: Push the start button on the router.
Step 5:Wait for the router to fully restart.","instructions for resetting your dorm room router step 1: unplug the router from the power source. step 2: wait for 30 seconds. step 3: plug the router back into the power source. step 4: push the start button on the router. step 5:wait for the router to fully restart.","sha256:54b0d969a5a688ebdaa6eda5c6cde1085925c119999c4ce35cad69e36c27626f","available","0efa914ea951cccf359dd2f01ba9bfde3fd448be71d349e062ec32acd2929e76","a7e2c21fda0d483d","1788","1466","1.21964529","RDL_DEDUP_PREVIEWS/RDL-020.jpg","800","656","public/reading/rdl/rdl-020/material_final.png","public/reading/rdl/rdl-020/selection_map.json","frozen_verified"
"RDL-021","[""5.11A"",""5.13"",""6.9A""]","[{""occurrenceId"":""5.11A-M1-RDL-03"",""set"":""5.11A"",""sourceDate"":""2026-05-11"",""sourceFile"":""5月/Questions/5.11A-M1.pdf"",""questionRange"":{""start"":25,""end"":27},""rdlType"":""Read an advertisement.""},{""occurrenceId"":""5.13-M1-RDL-03"",""set"":""5.13"",""sourceDate"":""2026-05-13"",""sourceFile"":""5月/Questions/5.13-M1.pdf"",""questionRange"":{""start"":25,""end"":27},""rdlType"":""Read an advertisement.""},{""occurrenceId"":""6.9A-M1-RDL-03"",""set"":""6.9A"",""sourceDate"":""2026-06-09"",""sourceFile"":""6月/PDF/M1_20260609A_R_01-35_PDF.pdf"",""questionRange"":{""start"":25,""end"":27},""rdlType"":""Read an advertisement.""}]","Radiant Beauty Salon Opening","reviewed_canonical","Join us on Saturday, June 21, from 10:00 A.M. to 6:00 P.M. for the grand opening of Radiant Beauty Salon! Enjoy complimentary refreshments, live music, and exclusive offers: • 50% off your first service
• Special Student Discount: an extra 20% off your first service (must show valid identification)
• Free consultations with our expert stylists • Gift bags for the first 50 guests
Raffle prizes including a luxury spa day. Experience our top-notch services in hair, nails, and skincare. Don't miss out on a day of pampering and fun!","join us on saturday, june 21, from 10:00 a.m. to 6:00 p.m. for the grand opening of radiant beauty salon! enjoy complimentary refreshments, live music, and exclusive offers: • 50% off your first service • special student discount: an extra 20% off your first service (must show valid identification) • free consultations with our expert stylists • gift bags for the first 50 guests raffle prizes including a luxury spa day. experience our top-notch services in hair, nails, and skincare. don't miss out on a day of pampering and fun!","sha256:253e2cf34352a0b4f1e3e3a4712816039850bd46c0f35cc0999d460a9a823bee","available","18deaa68942c4434bed5a6c3f42ebfcfb06ed545ebef5502a33427c186974804","b54442666a6b7b2b","2224","1698","1.30977621","RDL_DEDUP_PREVIEWS/RDL-021.jpg","800","611","public/reading/rdl/rdl-021/material_final.png","public/reading/rdl/rdl-021/selection_map.json","frozen_verified"
"RDL-022","[""5.11A""]","[{""occurrenceId"":""5.11A-M1-RDL-04"",""set"":""5.11A"",""sourceDate"":""2026-05-11"",""sourceFile"":""5月/Questions/5.11A-M1.pdf"",""questionRange"":{""start"":28,""end"":30},""rdlType"":""Read a newspaper article.""}]","Self-Healing Concrete Breakthrough","reviewed_canonical","CAMPUS RESEARCHERS ""CRACK"" THE CONCRETE CODE
Researchers at the university have developed an affordable self-healing concrete. When cracks form, embedded microcapsules release a gap-sealing mineral solution. The prototype has already survived 50 freeze-thaw cycles in the lab, and now real-world testing is beginning on campus walkways, although students and faculty probably will not notice anything unusual beneath their feet. Researchers predict huge benefits. ""Our goal is to reduce costly repairs and extend building lifespans,"" said lead researcher Dr. Elena Vargas. ""Imagine bridges that fix themselves after storms."" Civil engineering professor Mark Chen called the innovation both practical and environmentally responsible. ""This could revolutionize construction,"" he said. ""By minimizing waste and extending the life of materials, we're saving money and reducing the environmental footprint."" Larger trials are in the works, but for now campus walkways are a living laboratory, offering a glimpse into a future where concrete is resilient enough to heal itself.","campus researchers ""crack"" the concrete code researchers at the university have developed an affordable self-healing concrete. when cracks form, embedded microcapsules release a gap-sealing mineral solution. the prototype has already survived 50 freeze-thaw cycles in the lab, and now real-world testing is beginning on campus walkways, although students and faculty probably will not notice anything unusual beneath their feet. researchers predict huge benefits. ""our goal is to reduce costly repairs and extend building lifespans,"" said lead researcher dr. elena vargas. ""imagine bridges that fix themselves after storms."" civil engineering professor mark chen called the innovation both practical and environmentally responsible. ""this could revolutionize construction,"" he said. ""by minimizing waste and extending the life of materials, we're saving money and reducing the environmental footprint."" larger trials are in the works, but for now campus walkways are a living laboratory, offering a glimpse into a future where concrete is resilient enough to heal itself.","sha256:7dfd7b3ac3cc37e00f086937dc27a0935e1f0035ca8f4aa9c3b14d7fcacc119c","available","b8efcad635c0b6b85b8071986177f57e21075c11a570a13f9c5ca8cd2315fa47","bb78d44ad095c617","2332","2286","1.02012248","RDL_DEDUP_PREVIEWS/RDL-022.jpg","800","784","public/reading/rdl/rdl-022/material_final.png","public/reading/rdl/rdl-022/selection_map.json","frozen_verified"
"RDL-023","[""5.11B"",""6.1C""]","[{""occurrenceId"":""5.11B-M1-RDL-01"",""set"":""5.11B"",""sourceDate"":""2026-05-11"",""sourceFile"":""5月/Questions/5.11B.pdf"",""questionRange"":{""start"":21,""end"":22},""rdlType"":""Read an excerpt from a syllabus.""},{""occurrenceId"":""6.1C-M1-RDL-01"",""set"":""6.1C"",""sourceDate"":""2026-06-01"",""sourceFile"":""6月/PDF/6.1C-阅读.docx"",""questionRange"":{""start"":21,""end"":22},""rdlType"":""Read an excerpt from a syllabus.""}]","Organic Chemistry I","reviewed_canonical","Organic Chemistry I
Organic Chemistry I is a core course for premed, pharmacy, biochemistry, and chemical engineering majors. Topics include molecular structure, reaction mechanisms, and stereochemistry.
Students complete weekly labs and problem sets.
There will be two major examinations. Emphasis is on analytical thinking and biological applications.
Prerequisite: General Chemistry.","organic chemistry i organic chemistry i is a core course for premed, pharmacy, biochemistry, and chemical engineering majors. topics include molecular structure, reaction mechanisms, and stereochemistry. students complete weekly labs and problem sets. there will be two major examinations. emphasis is on analytical thinking and biological applications. prerequisite: general chemistry.","sha256:cf7649e0f50962433aeeabcddd8b1ae45a0f6778e50e3ae331c6292fda891db7","available","0c241ac4e3e0f3645c06f2bc103341f37bf215595d1df1789d1ebd34c3e5e1f8","bb4c9995c4336aa5","1208","692","1.74566474","RDL_DEDUP_PREVIEWS/RDL-023.jpg","800","458","public/reading/rdl/rdl-023/material_final.png","public/reading/rdl/rdl-023/selection_map.json","frozen_verified"
"RDL-024","[""5.11B"",""6.1C""]","[{""occurrenceId"":""5.11B-M1-RDL-02"",""set"":""5.11B"",""sourceDate"":""2026-05-11"",""sourceFile"":""5月/Questions/5.11B.pdf"",""questionRange"":{""start"":23,""end"":25},""rdlType"":""Read an email.""},{""occurrenceId"":""6.1C-M1-RDL-02"",""set"":""6.1C"",""sourceDate"":""2026-06-01"",""sourceFile"":""6月/PDF/6.1C-阅读.docx"",""questionRange"":{""start"":23,""end"":25},""rdlType"":""Read an email.""}]","Request To Join Debate Club","reviewed_canonical","Debate Club Coordinator To:
Noam Mitchell From:
Sept 16, 7:27 A.M. Sent:
Subject: Request to join Debate Club Dear Club Coordinator, I'm writing to express my strong interest in joining the university Debate Club this semester. I attended last week's introductory session and found the discussion on international trade policies both stimulating and challenging. It reinforced my desire to engage in structured debates that explore diverse perspectives. I have prior experience competing in high school debate tournaments, where I focused on both parliamentary and policy debate formats. Last semester I attended some sessions of the Debate Club's workshop on refining delivery skills. This semester, I'm balancing a demanding academic schedule, so it would be helpful if you explained the time commitment for practices and tournaments. Please share details about the registration process, membership requirements, and any upcoming practice schedules. Best regards, Noam Mitchell","debate club coordinator to: noam mitchell from: sept 16, 7:27 a.m. sent: subject: request to join debate club dear club coordinator, i'm writing to express my strong interest in joining the university debate club this semester. i attended last week's introductory session and found the discussion on international trade policies both stimulating and challenging. it reinforced my desire to engage in structured debates that explore diverse perspectives. i have prior experience competing in high school debate tournaments, where i focused on both parliamentary and policy debate formats. last semester i attended some sessions of the debate club's workshop on refining delivery skills. this semester, i'm balancing a demanding academic schedule, so it would be helpful if you explained the time commitment for practices and tournaments. please share details about the registration process, membership requirements, and any upcoming practice schedules. best regards, noam mitchell","sha256:e5618b2d29660f76f2ef2bf63b2eb1abd1131bd1c6e5b7c349f120ef9cf02171","available","75b49723763f30d6801e839519bc9351fffd1e48caaab0a5b0fb55e65086078e","bb30946a9769ce85","1288","1432","0.89944134","RDL_DEDUP_PREVIEWS/RDL-024.jpg","720","800","public/reading/rdl/rdl-024/material_final.png","public/reading/rdl/rdl-024/selection_map.json","frozen_verified"
"RDL-025","[""5.12""]","[{""occurrenceId"":""5.12-M1-RDL-01"",""set"":""5.12"",""sourceDate"":""2026-05-12"",""sourceFile"":""5月/Questions/5.12-M1.pdf"",""questionRange"":{""start"":21,""end"":22},""rdlType"":""Read a webpage.""}]","Williamsville Gardening Club","reviewed_canonical","C www.williamsville.com • •
Welcome to the Williamsville College Gardening Club! We're a student club promoting sustainable gardening in collaboration with our neighbors in the town of Williamsville.
Any skill level is welcome! Upcoming Event: Plant Sale • Farnese Pavilion • March 15, 2:00 P.M.
Learn more about our club and future events on our website or email gardeningclub@williamsville.edu.","c www.williamsville.com • • welcome to the williamsville college gardening club! we're a student club promoting sustainable gardening in collaboration with our neighbors in the town of williamsville. any skill level is welcome! upcoming event: plant sale • farnese pavilion • march 15, 2:00 p.m. learn more about our club and future events on our website or email gardeningclub@williamsville.edu.","sha256:b3fb86963c193d049038a45f6c799ef12360fb220d4f0d1b10e27cd9f7176588","available","250afcd7dcfd67d9995290d6255472e5a9a311b0f6078d4b5ab59511cc2a4d7d","ba70a59ada25d272","2180","1610","1.35403727","RDL_DEDUP_PREVIEWS/RDL-025.jpg","800","591","public/reading/rdl/rdl-025/material_final.png","public/reading/rdl/rdl-025/selection_map.json","frozen_verified"
"RDL-026","[""5.12""]","[{""occurrenceId"":""5.12-M1-RDL-02"",""set"":""5.12"",""sourceDate"":""2026-05-12"",""sourceFile"":""5月/Questions/5.12-M1.pdf"",""questionRange"":{""start"":23,""end"":25},""rdlType"":""Read an article.""}]","Actor Returns To Campus","reviewed_canonical","Award Winner Returns to Alma Mater By Kevin Martin
Students were stunned when actor Daniel Rivero, famous for his award-winning role in Horizon's Edge, visited Ashburn College on Monday. Rivero, a recent graduate of the Theater Arts program, returned to lead an impromptu drama workshop. Students crowded the theater hall, snapping selfies with the star and asking about his journey from Ashburn to Hollywood. ""I skipped lunch just to hear him,"" said sophomore Lily Chen. Rivero shared stories from his early auditions, including moments of rejection that taught him resilience. ""Embrace failure—it's the doorway to invention,"" he told students. He also praised Ashburn's faculty for fostering his love of storytelling. ""It feels like I never left,"" he added. The visit sparked excitement across campus, with social media flooded by photos from the workshop. For many students, it was a reminder that big dreams can start in small classrooms.","award winner returns to alma mater by kevin martin students were stunned when actor daniel rivero, famous for his award-winning role in horizon's edge, visited ashburn college on monday. rivero, a recent graduate of the theater arts program, returned to lead an impromptu drama workshop. students crowded the theater hall, snapping selfies with the star and asking about his journey from ashburn to hollywood. ""i skipped lunch just to hear him,"" said sophomore lily chen. rivero shared stories from his early auditions, including moments of rejection that taught him resilience. ""embrace failure—it's the doorway to invention,"" he told students. he also praised ashburn's faculty for fostering his love of storytelling. ""it feels like i never left,"" he added. the visit sparked excitement across campus, with social media flooded by photos from the workshop. for many students, it was a reminder that big dreams can start in small classrooms.","sha256:0dbb2bc256eff3c217e96fcb6374b9db4b5f22fbc92abe504c18a186dea74d40","available","51f57c8729f018fccbbe711312e7f6007e79594b04d60a67c6963b11e4cbac40","bdd0506a5a1d5a9d","2264","2298","0.98520453","RDL_DEDUP_PREVIEWS/RDL-026.jpg","788","800","public/reading/rdl/rdl-026/material_final.png","public/reading/rdl/rdl-026/selection_map.json","frozen_verified"
"RDL-027","[""5.13""]","[{""occurrenceId"":""5.13-M1-RDL-02"",""set"":""5.13"",""sourceDate"":""2026-05-13"",""sourceFile"":""5月/Questions/5.13-M1.pdf"",""questionRange"":{""start"":23,""end"":24},""rdlType"":""Read a notice.""}]","Student Center Closure","reviewed_canonical","Student Center Closure
The student center will be closed for renovations from April 5 to April 20. All scheduled events during this period are canceled. We apologize for any inconvenience this may cause. The center will reopen on April 21 with new features and improvements.","student center closure the student center will be closed for renovations from april 5 to april 20. all scheduled events during this period are canceled. we apologize for any inconvenience this may cause. the center will reopen on april 21 with new features and improvements.","sha256:48d9e85efa5fc0666e1e3f8bdedd61b48d74bff9ec9b784fc7b2fa20d3b85d75","available","f32e3b6a15f269251df6c3696f726002b246580c23882728f617a9c625397335","a570d48f430f6a97","2232","1082","2.06284658","RDL_DEDUP_PREVIEWS/RDL-027.jpg","800","388","public/reading/rdl/rdl-027/material_final.png","public/reading/rdl/rdl-027/selection_map.json","frozen_verified"
"RDL-028","[""5.13""]","[{""occurrenceId"":""5.13-M1-RDL-04"",""set"":""5.13"",""sourceDate"":""2026-05-13"",""sourceFile"":""5月/Questions/5.13-M1.pdf"",""questionRange"":{""start"":28,""end"":30},""rdlType"":""Read an article.""}]","Dorm Startup Goes Viral","reviewed_canonical","DORM STARTUP GOES VIRAL
Two computer science majors, Priya Singh and Marco Alvarez, transformed a late-night coding session into a nationwide sensation. Their app, PlanForge, designed to help students organize assignments and track deadlines, was launched from their dorm room at the end of the semester.
""We built it to survive finals,"" Priya laughed. Within a week, downloads skyrocketed past 10,000, and alumni investors began reaching out. The duo has been invited to present at a major tech conference. ""It's surreal,"" Marco said. ""We never imagined this level of attention."" Students are thrilled. ""It's a lifesaver—| finally feel on top of my work,"" said sophomore Jenna Brooks. The university's entrepreneurship center has offered mentorship to the two computer science majors. Professors have called the innovation a perfect example of student creativity. Priya and Marco hope to expand the app's features to include group-project tools and reminders, proving big ideas can start in small dorm rooms.","dorm startup goes viral two computer science majors, priya singh and marco alvarez, transformed a late-night coding session into a nationwide sensation. their app, planforge, designed to help students organize assignments and track deadlines, was launched from their dorm room at the end of the semester. ""we built it to survive finals,"" priya laughed. within a week, downloads skyrocketed past 10,000, and alumni investors began reaching out. the duo has been invited to present at a major tech conference. ""it's surreal,"" marco said. ""we never imagined this level of attention."" students are thrilled. ""it's a lifesaver—| finally feel on top of my work,"" said sophomore jenna brooks. the university's entrepreneurship center has offered mentorship to the two computer science majors. professors have called the innovation a perfect example of student creativity. priya and marco hope to expand the app's features to include group-project tools and reminders, proving big ideas can start in small dorm rooms.","sha256:7a74ba62d5f322479ce805bb53e8c229cc0c36df77300668d59d7281e1691f2c","available","a1c15b3d28d4bbfe78e32245b726afc5b0e8899a73ac7617b2c931862959c124","aff0f0e2871e4a0b","2474","2508","0.98644338","RDL_DEDUP_PREVIEWS/RDL-028.jpg","789","800","public/reading/rdl/rdl-028/material_final.png","public/reading/rdl/rdl-028/selection_map.json","frozen_verified"
"RDL-029","[""5.17""]","[{""occurrenceId"":""5.17-M1-RDL-01"",""set"":""5.17"",""sourceDate"":""2026-05-17"",""sourceFile"":""5月/Questions/5.17-M1.pdf"",""questionRange"":{""start"":21,""end"":22},""rdlType"":""Read an email.""}]","Booking Inquiry","reviewed_canonical","Subject: Booking inquiry
Dear Ms. White,
Thanks for your inquiry about a conference room at Midtown Center for your state-wide student government meeting. Since you plan to have about 100 attendees, we recommend one of our large conference rooms. A 20 percent deposit is required for placing a reservation.
Regards, David Lee","subject: booking inquiry dear ms. white, thanks for your inquiry about a conference room at midtown center for your state-wide student government meeting. since you plan to have about 100 attendees, we recommend one of our large conference rooms. a 20 percent deposit is required for placing a reservation. regards, david lee","sha256:28c72c4f350c62fdb04925c7b3603f99ec2ac943f72cfed8730f378568b93d2d","available","48c0ce24fb3ee3e4160894bcd978351a95859b334371b0dabb744ff8a09d0e2d","af3890366a83f4ce","2182","1194","1.82747069","RDL_DEDUP_PREVIEWS/RDL-029.jpg","800","438","public/reading/rdl/rdl-029/material_final.png","public/reading/rdl/rdl-029/selection_map.json","frozen_verified"
"RDL-030","[""5.17""]","[{""occurrenceId"":""5.17-M1-RDL-02"",""set"":""5.17"",""sourceDate"":""2026-05-17"",""sourceFile"":""5月/Questions/5.17-M1.pdf"",""questionRange"":{""start"":23,""end"":24},""rdlType"":""Read a blog post.""}]","Review Of The Kansas Kerfuffle","reviewed_canonical","Reviews and Opinions @CampusDaily
Review of The Kansas Kerfuffle Posted by Elizabeth Wrenn, October 15
In this sharp-witted comedy, a minor zoning error spirals into a full-blown town-wide feud—a kerfuffle!— complete with bake sale sabotage, runaway goats, and a mayoral debate held in a bowling alley. The movie delivers fast-paced laughs and small-town charm, proving that bureaucracy can be hilariously unpredictable.","reviews and opinions @campusdaily review of the kansas kerfuffle posted by elizabeth wrenn, october 15 in this sharp-witted comedy, a minor zoning error spirals into a full-blown town-wide feud—a kerfuffle!— complete with bake sale sabotage, runaway goats, and a mayoral debate held in a bowling alley. the movie delivers fast-paced laughs and small-town charm, proving that bureaucracy can be hilariously unpredictable.","sha256:af50353123bd99307c12f36d0e1657398bc680090fcf9e9712a9f12621e137ca","available","07b96bfab561807e07b63c8fca3d69a0130ad2fdc9aaf43d1b874bc3fdbfa512","af87434b703478f8","2084","1422","1.46554149","RDL_DEDUP_PREVIEWS/RDL-030.jpg","800","546","public/reading/rdl/rdl-030/material_final.png","public/reading/rdl/rdl-030/selection_map.json","frozen_verified"
"RDL-031","[""5.17""]","[{""occurrenceId"":""5.17-M1-RDL-03"",""set"":""5.17"",""sourceDate"":""2026-05-17"",""sourceFile"":""5月/Questions/5.17-M1.pdf"",""questionRange"":{""start"":25,""end"":27},""rdlType"":""Read an email.""}]","My Thesis Proposal","reviewed_canonical","mica.agst@dmail.com From:
Subject: My thesis proposal
Dear Professor Carter,
I just want to express my appreciation for your thoughtful feedback on my thesis proposal about renewable-energy adoption. Your notes on tightening the methodology and adding comparative case studies were very helpful and gave me a clearer path forward. I have already updated my outline with those changes and plan to send the revised version of the entire proposal next Monday. I also really appreciate you making time during office hours to discuss my questions with me and for sharing the relevant policy-analysis resources—they are exactly what I need. Your support has made a real difference in how I'm approaching this work, and I feel much more confident about the next steps. I am sincerely grateful for all you have done for me.
Best regards, Micah Agostino","mica.agst@dmail.com from: subject: my thesis proposal dear professor carter, i just want to express my appreciation for your thoughtful feedback on my thesis proposal about renewable-energy adoption. your notes on tightening the methodology and adding comparative case studies were very helpful and gave me a clearer path forward. i have already updated my outline with those changes and plan to send the revised version of the entire proposal next monday. i also really appreciate you making time during office hours to discuss my questions with me and for sharing the relevant policy-analysis resources—they are exactly what i need. your support has made a real difference in how i'm approaching this work, and i feel much more confident about the next steps. i am sincerely grateful for all you have done for me. best regards, micah agostino","sha256:48fa2774798344feff1620fd7da5a54a051f549b8d5070ed16b1245e81ad2441","available","0a20d9bafa820f13ad6c01f77d0bc3307d383e8d62a15f751d560fa2abccad02","bf3894397ac26a85","2358","2214","1.06504065","RDL_DEDUP_PREVIEWS/RDL-031.jpg","800","751","public/reading/rdl/rdl-031/material_final.png","public/reading/rdl/rdl-031/selection_map.json","frozen_verified"
"RDL-032","[""5.17""]","[{""occurrenceId"":""5.17-M1-RDL-04"",""set"":""5.17"",""sourceDate"":""2026-05-17"",""sourceFile"":""5月/Questions/5.17-M1.pdf"",""questionRange"":{""start"":28,""end"":30},""rdlType"":""Read a message exchange.""}]","Student Hiking Plans","reviewed_canonical","Angela Kim (5:00 p.m.) Hi everyone! Want to join me for a hike on Saturday at Green Valley with the Student Outdoors Club? Tom Davies (5:05 p.m.) What time? Angela Kim (5:10 p.m.) Let's meet at the trailhead at 8:00 A.M. Starting early will help us beat the heat, which starts creeping in at9:00A.M. or So. Sara Perez (5:15 p.M.) What should we bring? Angela Kim (5:20 p.m.) Well, for sure, bring PLENTY of water. Tom Davies (5:25 p.m.) I'll bring extra water—good point about the heat! Do we need a permit? I have heard that some hiking areas are now being protected. Angela Kim (5:30 p.M.) Let me check on that, Tom. Parking is limitedcarpooling is best. Milton Marks (5:35 P.M.) I can drive! I've got room for three. Tom Davies (5:40 p.M.) l'll take that offer, Milton.","angela kim (5:00 p.m.) hi everyone! want to join me for a hike on saturday at green valley with the student outdoors club? tom davies (5:05 p.m.) what time? angela kim (5:10 p.m.) let's meet at the trailhead at 8:00 a.m. starting early will help us beat the heat, which starts creeping in at9:00a.m. or so. sara perez (5:15 p.m.) what should we bring? angela kim (5:20 p.m.) well, for sure, bring plenty of water. tom davies (5:25 p.m.) i'll bring extra water—good point about the heat! do we need a permit? i have heard that some hiking areas are now being protected. angela kim (5:30 p.m.) let me check on that, tom. parking is limitedcarpooling is best. milton marks (5:35 p.m.) i can drive! i've got room for three. tom davies (5:40 p.m.) l'll take that offer, milton.","sha256:600296c2dc167a7649f3501748d72e8133992432bebc50d9695332062f024983","available","7c6f9102f68e1517e78fd915edfacb5684250ac67a3033d805d01f43c94478bb","9f62626376636293","2232","2322","0.96124031","RDL_DEDUP_PREVIEWS/RDL-032.jpg","769","800","public/reading/rdl/rdl-032/material_final.png","public/reading/rdl/rdl-032/selection_map.json","frozen_verified"
"RDL-033","[""5.18A""]","[{""occurrenceId"":""5.18A-M1-RDL-01"",""set"":""5.18A"",""sourceDate"":""2026-05-18"",""sourceFile"":""5月/Questions/5.18A-M1.pdf"",""questionRange"":{""start"":21,""end"":22},""rdlType"":""Read a form.""}]","Membership Application Form","reviewed_canonical","Membership Application Form
First Name:
Last Name:
Address:
City:
Country:
Phone Number:
Email Address:
Annual Membership Type (Check one):
• Individual - $50 • Student - $30 J Family - $90
Please read and agree to the terms and conditions before submitting. Thank you for your interest in joining our community.","membership application form first name: last name: address: city: country: phone number: email address: annual membership type (check one): • individual - $50 • student - $30 j family - $90 please read and agree to the terms and conditions before submitting. thank you for your interest in joining our community.","sha256:1af6e0b13c2fbcee357eafbd48ed3f55e94f7e2d6ef29a4d1b526da9b3088946","available","337f56c29fcb7ad412f071bf688061c0a20a652e8bec5d98c9e31e711d503a7f","bfc1683c6861d24f","2341","2240","1.04508929","RDL_DEDUP_PREVIEWS/RDL-033.jpg","800","765","public/reading/rdl/rdl-033/material_final.png","public/reading/rdl/rdl-033/selection_map.json","frozen_verified"
"RDL-034","[""5.18A"",""6.23A"",""6.30B"",""6.7C""]","[{""occurrenceId"":""5.18A-M1-RDL-02"",""set"":""5.18A"",""sourceDate"":""2026-05-18"",""sourceFile"":""5月/Questions/5.18A-M1.pdf"",""questionRange"":{""start"":23,""end"":25},""rdlType"":""Read a notice.""},{""occurrenceId"":""6.23A-M1-RDL-03"",""set"":""6.23A"",""sourceDate"":""2026-06-23"",""sourceFile"":""6月/PDF/M1_20260623A_ R_01-35_PDF.pdf"",""questionRange"":{""start"":25,""end"":27},""rdlType"":""Read a notice.""},{""occurrenceId"":""6.30B-M1-RDL-04"",""set"":""6.30B"",""sourceDate"":""2026-06-30"",""sourceFile"":""6月/PDF/M1_20260630B_ R_01-35_PDF.pdf"",""questionRange"":{""start"":28,""end"":30},""rdlType"":""Read a notice.""},{""occurrenceId"":""6.7C-M1-RDL-04"",""set"":""6.7C"",""sourceDate"":""2026-06-07"",""sourceFile"":""6月/题目/套题/TOEFL_Reading_6.7C.docx"",""questionRange"":{""start"":28,""end"":30},""rdlType"":""Read a notice.""}]","The University Photography Club","reviewed_canonical","The University Photography Club
The University Photography Club invites you to a weekend of learning and creativity at the Student Center, Meeting Hall B. This annual event is perfect for beginners and experienced photographers alike. Enjoy hands-on sessions, expert tips, and a chance to showcase your work.
Saturday, October 16 • 9:00-10:30: Registration and Welcome Coffee • 10:30-12:00: Introduction to Photography-basics of camera settings, composition, and lighting • 12:00-1:30: Lunch break (lunch provided) • 1:30-3:00: Portrait Photography-techniques for stunning portraits •3:00-4:30: Landscape Photography-tips for nature and outdoor shots Sunday, October 17 • 9:00-10:30: Photo Editing Workshop-enhance images with editing software • 10:30-12:00: Street Photography-capture candid urban moments • 12:00-1:30: Lunch break (lunch provided) • 1:30-3:00: Advanced Techniques-creative methods for unique shots • 3:00-4:30: Juried Photo Contest-submit your best photos for prizes Register at university.edu/photoclub/register. Contact 555-1234 or info@photoclub.university.edu. for any queries. We look forward to seeing you there and capturing beautiful moments together!","the university photography club the university photography club invites you to a weekend of learning and creativity at the student center, meeting hall b. this annual event is perfect for beginners and experienced photographers alike. enjoy hands-on sessions, expert tips, and a chance to showcase your work. saturday, october 16 • 9:00-10:30: registration and welcome coffee • 10:30-12:00: introduction to photography-basics of camera settings, composition, and lighting • 12:00-1:30: lunch break (lunch provided) • 1:30-3:00: portrait photography-techniques for stunning portraits •3:00-4:30: landscape photography-tips for nature and outdoor shots sunday, october 17 • 9:00-10:30: photo editing workshop-enhance images with editing software • 10:30-12:00: street photography-capture candid urban moments • 12:00-1:30: lunch break (lunch provided) • 1:30-3:00: advanced techniques-creative methods for unique shots • 3:00-4:30: juried photo contest-submit your best photos for prizes register at university.edu/photoclub/register. contact 555-1234 or info@photoclub.university.edu. for any queries. we look forward to seeing you there and capturing beautiful moments together!","sha256:d4e4f5a94dc42b139d959158ac1f491cbf503d4c4b90d08e645b76f42372740f","available","ab3deef5afc50415032854d072554c7e600f02a0ec46da9183334cc51f1d3322","bf80414985b787b7","2456","2526","0.9722882","RDL_DEDUP_PREVIEWS/RDL-034.jpg","778","800","public/reading/rdl/rdl-034/material_final.png","public/reading/rdl/rdl-034/selection_map.json","frozen_verified"
"RDL-035","[""5.18B""]","[{""occurrenceId"":""5.18B-M1-RDL-01"",""set"":""5.18B"",""sourceDate"":""2026-05-18"",""sourceFile"":""5月/Questions/5.18B.pdf"",""questionRange"":{""start"":21,""end"":22},""rdlType"":""Read a course description.""}]","Biol 101 Introduction To Biology","reviewed_canonical","BIOL 101 Introduction to Biology
This course explores fundamental principles of biology, including cellular organization, genetics, evolution, ecology, and physiology. Coursework consists of lectures, weekly laboratory sessions, and discussions.
Lectures Tues/Thurs 9:30–11:00 A.M.; labs Wed 3:00–5:00 P.M.
Open to first-year students; no prerequisites.
The course emphasizes scientific thinking and best research practices.","biol 101 introduction to biology this course explores fundamental principles of biology, including cellular organization, genetics, evolution, ecology, and physiology. coursework consists of lectures, weekly laboratory sessions, and discussions. lectures tues/thurs 9:30–11:00 a.m.; labs wed 3:00–5:00 p.m. open to first-year students; no prerequisites. the course emphasizes scientific thinking and best research practices.","sha256:df6b179c22c262a5239070c09de853a5caf64d5f38e22fbe70769693dd34490f","available","2762ca3d657386448d1912fc72ecf5e582760ff233adbdcc74e2203c626af9f9","87d898854b7e67c2","578","499","1.15831663","RDL_DEDUP_PREVIEWS/RDL-035.jpg","578","499","public/reading/rdl/rdl-035/material_final.png","public/reading/rdl/rdl-035/selection_map.json","frozen_verified"
"RDL-036","[""5.18B"",""5.19""]","[{""occurrenceId"":""5.18B-M1-RDL-02"",""set"":""5.18B"",""sourceDate"":""2026-05-18"",""sourceFile"":""5月/Questions/5.18B.pdf"",""questionRange"":{""start"":23,""end"":24},""rdlType"":""Read a webpage.""},{""occurrenceId"":""5.19-M1-RDL-01"",""set"":""5.19"",""sourceDate"":""2026-05-19"",""sourceFile"":""5月/Questions/5.19-M1.pdf"",""questionRange"":{""start"":21,""end"":22},""rdlType"":""Read a webpage.""}]","Welcome To Movie Mania","reviewed_canonical","https://www.moviemania.com
Welcome to Movie Mania
Your ultimate source for movie reviews, trailers, and news. Discover the latest releases, read in-depth reviews, and watch trailers of upcoming films. Join our community to discuss your favorite movies and get recommendations.
Visit us at www.moviemania.com","https://www.moviemania.com welcome to movie mania your ultimate source for movie reviews, trailers, and news. discover the latest releases, read in-depth reviews, and watch trailers of upcoming films. join our community to discuss your favorite movies and get recommendations. visit us at www.moviemania.com","sha256:bf7c097d85206dc2f6ce9b5a7d5dd1345883675f370b4cec07cd997b6e72b0d2","available","fb69ba9a0583beadea941ecb453558307320654d01c638b21a0632bcb45ebd38","b15a561762ec6ba1","586","474","1.23628692","RDL_DEDUP_PREVIEWS/RDL-036.jpg","586","474","public/reading/rdl/rdl-036/material_final.png","public/reading/rdl/rdl-036/selection_map.json","frozen_verified"
"RDL-037","[""5.18B"",""5.19""]","[{""occurrenceId"":""5.18B-M1-RDL-03"",""set"":""5.18B"",""sourceDate"":""2026-05-18"",""sourceFile"":""5月/Questions/5.18B.pdf"",""questionRange"":{""start"":25,""end"":27},""rdlType"":""Read a social media post.""},{""occurrenceId"":""5.19-M1-RDL-03"",""set"":""5.19"",""sourceDate"":""2026-05-19"",""sourceFile"":""5月/Questions/5.19-M1.pdf"",""questionRange"":{""start"":25,""end"":27},""rdlType"":""Read a social media post.""}]","Flex And Flow Opening","reviewed_canonical","David White
I have exciting news for all fitness enthusiasts and those looking to start their wellness journey. I am thrilled to announce the opening of my new fitness studio, Flex & Flow, located right in the heart of downtown Toronto! Our grand opening will be next Saturday, and we have an amazing lineup of activities to celebrate. Take advantage of free workout classes, where you can participate in yoga, pilates, and strength training. Meet our special guest trainers and learn from the best in the business. You can also enjoy free nutritious snacks provided by local vendors. Flex & Flow is all about creating a supportive community where you can achieve your fitness goals while having fun. Whether you’re a seasoned athlete or just beginning, we have something for everyone. For more details and to RSVP, visit our website at www.flexandflow.ca.
Like Comment","david white i have exciting news for all fitness enthusiasts and those looking to start their wellness journey. i am thrilled to announce the opening of my new fitness studio, flex & flow, located right in the heart of downtown toronto! our grand opening will be next saturday, and we have an amazing lineup of activities to celebrate. take advantage of free workout classes, where you can participate in yoga, pilates, and strength training. meet our special guest trainers and learn from the best in the business. you can also enjoy free nutritious snacks provided by local vendors. flex & flow is all about creating a supportive community where you can achieve your fitness goals while having fun. whether you're a seasoned athlete or just beginning, we have something for everyone. for more details and to rsvp, visit our website at www.flexandflow.ca. like comment","sha256:adc36fd124c6f75a8db095d3ced8dd49d1db5bfc01a9b8f40e8a068aad8d4cd9","available","907f4fb85590ad11c10b1af795ba34680ddfbf49599d9c2a1b0534decbb48dd3","953f766a6a6a228a","565","679","0.83210604","RDL_DEDUP_PREVIEWS/RDL-037.jpg","565","679","public/reading/rdl/rdl-037/material_final.png","public/reading/rdl/rdl-037/selection_map.json","frozen_verified"
"RDL-038","[""5.18B""]","[{""occurrenceId"":""5.18B-M1-RDL-04"",""set"":""5.18B"",""sourceDate"":""2026-05-18"",""sourceFile"":""5月/Questions/5.18B.pdf"",""questionRange"":{""start"":28,""end"":30},""rdlType"":""Read a course description.""}]","English 202: The Sonnet","reviewed_canonical","English 202: The Sonnet
The sonnet entered English literature in the early sixteenth century, adapted from the Italian form pioneered by Petrarch, and has inspired experimentation ever since. Poets writing in English have created endless variations on the basic formula of fourteen lines of rhymed verse in iambic pentameter. From the Renaissance to the modern era, poets have used the sonnet form to explore romantic, existential, and political themes in ways both serious and satiric. Because the sonnet is governed by strict formal rules, it is sometimes used to playfully illuminate the tension between constraint and creative freedom.
Readings will include sonnets by Sir Philip Sidney, William Shakespeare, John Donne, William Wordsworth, Claude McKay, Gwendolyn Brooks, Edna St. Vincent Millay, Cathy Park Hong, and Jericho Brown. Students will experiment with writing their own sonnets and will read them aloud in class. A final ten-page term paper will be due on May 15.","english 202: the sonnet the sonnet entered english literature in the early sixteenth century, adapted from the italian form pioneered by petrarch, and has inspired experimentation ever since. poets writing in english have created endless variations on the basic formula of fourteen lines of rhymed verse in iambic pentameter. from the renaissance to the modern era, poets have used the sonnet form to explore romantic, existential, and political themes in ways both serious and satiric. because the sonnet is governed by strict formal rules, it is sometimes used to playfully illuminate the tension between constraint and creative freedom. readings will include sonnets by sir philip sidney, william shakespeare, john donne, william wordsworth, claude mckay, gwendolyn brooks, edna st. vincent millay, cathy park hong, and jericho brown. students will experiment with writing their own sonnets and will read them aloud in class. a final ten-page term paper will be due on may 15.","sha256:66b31dfa84747ab769569d5e2af78d60691cea9cf060882ea53bb576fa631545","available","a231b8d9f27b1fe4de8294781dfb8e601a8ec1221e0277cf2ecfd9503aae7903","ab1a1335d51aa557","605","674","0.89762611","RDL_DEDUP_PREVIEWS/RDL-038.jpg","605","674","public/reading/rdl/rdl-038/material_final.png","public/reading/rdl/rdl-038/selection_map.json","frozen_verified"
"RDL-039","[""5.19""]","[{""occurrenceId"":""5.19-M1-RDL-02"",""set"":""5.19"",""sourceDate"":""2026-05-19"",""sourceFile"":""5月/Questions/5.19-M1.pdf"",""questionRange"":{""start"":23,""end"":24},""rdlType"":""Read an email exchange.""}]","Solar Panels For University Library","reviewed_canonical","student.government.president@rowancourt.edu From:
Subject: Solar panels for university library
Dear Eldric,
Solar panels on the university library roof can cut power bills by 30 percent, lower carbon emissions, and help us meet our green goals.
Best, Eriselle Johnson
facilities.management@rowancourt.edu From:
Subject: Solar panels for university library
Dear Eriselle,
Installation costs on solar panels are high and would strain the budget. We could fundraise or apply for state grants.
Best, Eldric Smith","student.government.president@rowancourt.edu from: subject: solar panels for university library dear eldric, solar panels on the university library roof can cut power bills by 30 percent, lower carbon emissions, and help us meet our green goals. best, eriselle johnson facilities.management@rowancourt.edu from: subject: solar panels for university library dear eriselle, installation costs on solar panels are high and would strain the budget. we could fundraise or apply for state grants. best, eldric smith","sha256:8a2a75fa57768c7da8ffabfd8572230e7a5c88a351236eb7aab221049a0e1820","available","5ab80471dbb549d037e0b0c2659b2fdb63f792a827d13673938213b9218dc813","af2ae83a78c1cb29","2448","2495","0.98116232","RDL_DEDUP_PREVIEWS/RDL-039.jpg","785","800","public/reading/rdl/rdl-039/material_final.png","public/reading/rdl/rdl-039/selection_map.json","frozen_verified"
"RDL-040","[""5.20A"",""6.9A""]","[{""occurrenceId"":""5.20A-M1-RDL-01"",""set"":""5.20A"",""sourceDate"":""2026-05-20"",""sourceFile"":""5月/Questions/5.20A-M1.pdf"",""questionRange"":{""start"":21,""end"":22},""rdlType"":""Read an advertisement.""},{""occurrenceId"":""6.9A-M1-RDL-02"",""set"":""6.9A"",""sourceDate"":""2026-06-09"",""sourceFile"":""6月/PDF/M1_20260609A_R_01-35_PDF.pdf"",""questionRange"":{""start"":23,""end"":24},""rdlType"":""Read an advertisement.""}]","Sign Language Interpreter Needed","reviewed_canonical","SIGN LANGUAGE INTERPRETER NEEDED The Student Affairs Office seeks an interpreter for student council meetings.
Г
| Responsibilities include interpreting discussions , into American Sign Language. • Hours: Wednesdays, 3-5 P.M. • Pay: $25 per hour. Ideal for experienced ASL users. 1 Applicants must be full-time students.
L.
Email by Friday to apply.","sign language interpreter needed the student affairs office seeks an interpreter for student council meetings. г | responsibilities include interpreting discussions , into american sign language. • hours: wednesdays, 3-5 p.m. • pay: $25 per hour. ideal for experienced asl users. 1 applicants must be full-time students. l. email by friday to apply.","sha256:8cbaaacd1b149cf22cf0b1f82bbafefb3b10b1e7dc436c46d774c9f7ac7348d8","available","7fa32d0d2a60cfc1edd88852ffc8b9666b6173fafbd0d5d2748406bff36ecf42","b560d19fca96466c","1676","2030","0.82561576","RDL_DEDUP_PREVIEWS/RDL-040.jpg","660","800","public/reading/rdl/rdl-040/material_final.png","public/reading/rdl/rdl-040/selection_map.json","frozen_verified"
"RDL-041","[""5.20A""]","[{""occurrenceId"":""5.20A-M1-RDL-02"",""set"":""5.20A"",""sourceDate"":""2026-05-20"",""sourceFile"":""5月/Questions/5.20A-M1.pdf"",""questionRange"":{""start"":23,""end"":25},""rdlType"":""Read a notice.""}]","Frankson Library Relocation","reviewed_canonical","Frankson Library Renovation and Temporary Relocation Attention University Community:
Beginning October 10, the Frankson Library will undergo a major renovation to enhance study spaces and technological resources. The project is scheduled to continue through March 15. During this period, the library's operational services will be temporarily relocated to the second and third floors of the Meyer Student Union Building. The temporary library spaces will operate weekdays from 8:00 A.M. to 10:00 P.M. and on weekends from 10:00 A.M. to 6:00 P.M.
Library administrative offices will be temporarily relocated to the university's Main Building.
Extra shuttle buses will run between the Main Quad and the Meyer Student Union Building to accommodate increased traffic. Students are encouraged to explore our expanded digital resources available through the university's online portal. We appreciate your patience as we improve our facilities. For updates, visit the library's webpage or contact library@university.edu.","frankson library renovation and temporary relocation attention university community: beginning october 10, the frankson library will undergo a major renovation to enhance study spaces and technological resources. the project is scheduled to continue through march 15. during this period, the library's operational services will be temporarily relocated to the second and third floors of the meyer student union building. the temporary library spaces will operate weekdays from 8:00 a.m. to 10:00 p.m. and on weekends from 10:00 a.m. to 6:00 p.m. library administrative offices will be temporarily relocated to the university's main building. extra shuttle buses will run between the main quad and the meyer student union building to accommodate increased traffic. students are encouraged to explore our expanded digital resources available through the university's online portal. we appreciate your patience as we improve our facilities. for updates, visit the library's webpage or contact library@university.edu.","sha256:f2ca1a3463378514104ce8e9ab916246a2f7669f693625f27ba1fcba08ad517e","available","30105f5411597fdb80000b64a3cef28ea92fe3fa9f088f10187140f8e751e887","bdb060984a6f4a9f","2180","2268","0.96119929","RDL_DEDUP_PREVIEWS/RDL-041.jpg","769","800","public/reading/rdl/rdl-041/material_final.png","public/reading/rdl/rdl-041/selection_map.json","frozen_verified"
"RDL-042","[""5.20B""]","[{""occurrenceId"":""5.20B-M1-RDL-01"",""set"":""5.20B"",""sourceDate"":""2026-05-20"",""sourceFile"":""5月/Questions/5.20B.pdf"",""questionRange"":{""start"":21,""end"":22},""rdlType"":""Read a label.""}]","Ella Bottled Water (1 Case)","reviewed_canonical","Ella Bottled Water (1 Case)
12 bottles Contains: 150 centilitres each
Ingredient: Natural mineral water
Produced by: The Pureway Company Lagos Mainland, Nigeria
₩1,000 Cost:
(12) 80 - 399 131506","ella bottled water (1 case) 12 bottles contains: 150 centilitres each ingredient: natural mineral water produced by: the pureway company lagos mainland, nigeria ₩1,000 cost: (12) 80 - 399 131506","sha256:ef9a18be250443a15437edfcff8a97f37c838edceb0f25803093122a3e450d2d","available","965cb34f9d91f53996d0b7b588ca0b05973baa516ed662da98bcd4972c9868c7","e58e347158399b6c","1276","1233","1.03487429","RDL_DEDUP_PREVIEWS/RDL-042.jpg","800","773","public/reading/rdl/rdl-042/material_final.png","public/reading/rdl/rdl-042/selection_map.json","frozen_verified"
"RDL-043","[""5.20B"",""5.28"",""6.10A""]","[{""occurrenceId"":""5.20B-M1-RDL-02"",""set"":""5.20B"",""sourceDate"":""2026-05-20"",""sourceFile"":""5月/Questions/5.20B.pdf"",""questionRange"":{""start"":23,""end"":24},""rdlType"":""Read an excerpt from a syllabus.""},{""occurrenceId"":""5.28-M1-RDL-02"",""set"":""5.28"",""sourceDate"":""2026-05-28"",""sourceFile"":""5月/Questions/5.28-M1.pdf"",""questionRange"":{""start"":23,""end"":24},""rdlType"":""Read an excerpt from a syllabus.""},{""occurrenceId"":""6.10A-M1-RDL-02"",""set"":""6.10A"",""sourceDate"":""2026-06-10"",""sourceFile"":""6月/PDF/M1_20260610A_R_01-35_PDF.pdf"",""questionRange"":{""start"":23,""end"":24},""rdlType"":""Read an excerpt from a syllabus.""}]","Introductory Physics Course","reviewed_canonical","This course explores classical mechanics, thermodynamics, and electromagnetism through lectures, labs, and problem-solving sessions.
Students will develop analytical skills and apply mathematical models to physical systems. Weekly assignments, lab reports, and exams assess understanding.
Prerequisites include calculus.
Attendance and participation are essential for success.","this course explores classical mechanics, thermodynamics, and electromagnetism through lectures, labs, and problem-solving sessions. students will develop analytical skills and apply mathematical models to physical systems. weekly assignments, lab reports, and exams assess understanding. prerequisites include calculus. attendance and participation are essential for success.","sha256:7c5eced7db614f16865fb150c21749e3cec940c23512a4bec198b8235176c709","available","5df81d14c3c61ccb0d04e6e4b1933a15c8d6b79d5eb9528079d669a56680573a","bb4ae59d64859525","2268","1058","2.1436673","RDL_DEDUP_PREVIEWS/RDL-043.jpg","800","373","public/reading/rdl/rdl-043/material_final.png","public/reading/rdl/rdl-043/selection_map.json","frozen_verified"
"RDL-044","[""5.20B""]","[{""occurrenceId"":""5.20B-M1-RDL-03"",""set"":""5.20B"",""sourceDate"":""2026-05-20"",""sourceFile"":""5月/Questions/5.20B.pdf"",""questionRange"":{""start"":25,""end"":27},""rdlType"":""Read the following notice.""}]","Downtown School Of Data Skills","reviewed_canonical","Downtown School of Data Skills
All classes meet for eight sessions from 6:00 P.M. to 7:00 P.M. beginning September 1.
Spreadsheet Introduction Students will learn how to create spreadsheets and use functions that can speed up work. This course is good for beginners and those who need to relearn basics.
Section A: Mondays and Wednesdays Section B: Tuesdays and Thursdays Section C: (virtual) Wednesdays and Fridays
Formulas Instructors will show students how to use basic spreadsheet formulas for business. Students should have basic spreadsheet skills before enrolling.
Section D: Tuesdays Section E: (virtual) Thursdays
Data Seminar Taught by industry professionals, this course is for researchers who want to learn how to work with complex data.
Section F: (virtual) Mondays
Data Representation This course is for analysts and researchers who need to show audiences easy-to-read graphs and charts.
Section G: (virtual) Wednesdays","downtown school of data skills all classes meet for eight sessions from 6:00 p.m. to 7:00 p.m. beginning september 1. spreadsheet introduction students will learn how to create spreadsheets and use functions that can speed up work. this course is good for beginners and those who need to relearn basics. section a: mondays and wednesdays section b: tuesdays and thursdays section c: (virtual) wednesdays and fridays formulas instructors will show students how to use basic spreadsheet formulas for business. students should have basic spreadsheet skills before enrolling. section d: tuesdays section e: (virtual) thursdays data seminar taught by industry professionals, this course is for researchers who want to learn how to work with complex data. section f: (virtual) mondays data representation this course is for analysts and researchers who need to show audiences easy-to-read graphs and charts. section g: (virtual) wednesdays","sha256:e62c5af4e0a96d13fd667f5e7ff6f3c5619ec52fe97e48f17278798d7ae6106b","available","a4ae9726ea93a4c72ac6e284e2507ef506b95a0cd80f163706151fb21da5bfe6","bf75505dc047e134","1204","1720","0.7","RDL_DEDUP_PREVIEWS/RDL-044.jpg","560","800","public/reading/rdl/rdl-044/material_final.png","public/reading/rdl/rdl-044/selection_map.json","frozen_verified"
"RDL-045","[""5.20B""]","[{""occurrenceId"":""5.20B-M1-RDL-04"",""set"":""5.20B"",""sourceDate"":""2026-05-20"",""sourceFile"":""5月/Questions/5.20B.pdf"",""questionRange"":{""start"":28,""end"":30},""rdlType"":""Read an agenda.""}]","Study Abroad Expo - Session Schedule","reviewed_canonical","Study Abroad Expo - Session Schedule
Keynote: ""Futures in Global Education"" An in-depth 9:00 A.M. exploration of the evolving landscape of international study opportunities. Presenter: Education futurist Dr. Laura Kim 10:30 A.M. Panel: ""Sustainable Study Abroad"" A discussion between university leaders and environmental advocates on best practices for eco-conscious student programs abroad. Networking Lunch An opportunity for students to 12:00 P.M. connect with peers, alumni, and program coordinators to exchange insights on study abroad experiences. Workshop: ""Digital Tools for Global Learning"" An 1:30 P.M. interactive session focusing on advanced strategies for using digital platforms to enhance study abroad success and cross-cultural engagement. Destination Focus: The Andes An exploration of study 3:00 P.M. abroad opportunities in the Andes region, emphasizing cultural immersion, language learning, and community engagement. Round Table: ""Where We Are and Where We're Going"" 4:30 P.M. A discussion of the day's sessions, emphasizing trends and innovations in international education.","study abroad expo - session schedule keynote: ""futures in global education"" an in-depth 9:00 a.m. exploration of the evolving landscape of international study opportunities. presenter: education futurist dr. laura kim 10:30 a.m. panel: ""sustainable study abroad"" a discussion between university leaders and environmental advocates on best practices for eco-conscious student programs abroad. networking lunch an opportunity for students to 12:00 p.m. connect with peers, alumni, and program coordinators to exchange insights on study abroad experiences. workshop: ""digital tools for global learning"" an 1:30 p.m. interactive session focusing on advanced strategies for using digital platforms to enhance study abroad success and cross-cultural engagement. destination focus: the andes an exploration of study 3:00 p.m. abroad opportunities in the andes region, emphasizing cultural immersion, language learning, and community engagement. round table: ""where we are and where we're going"" 4:30 p.m. a discussion of the day's sessions, emphasizing trends and innovations in international education.","sha256:35e4087d6cd77fc7f5f518c71f349299030e26f58373c27bdbb79a9674dc4c52","available","dabdb552bc092d9dc474cd6be9cbd89372d033a7f663648ff3cd1c0058b36e2b","fa4a5a4a4adad2b1","2470","2650","0.93207547","RDL_DEDUP_PREVIEWS/RDL-045.jpg","746","800","public/reading/rdl/rdl-045/material_final.png","public/reading/rdl/rdl-045/selection_map.json","frozen_verified"
"RDL-046","[""5.23""]","[{""occurrenceId"":""5.23-M1-RDL-01"",""set"":""5.23"",""sourceDate"":""2026-05-23"",""sourceFile"":""5月/Questions/5.23.pdf"",""questionRange"":{""start"":21,""end"":22},""rdlType"":""Read a review.""}]","Mishti Indian Cuisine","reviewed_canonical","MISHTI
Exciting Indian Cuisine Near Campus
Mishti offers a wide array of Indian regional fare. Vegans, vegetarians, and omnivores alike will enjoy brilliantly prepared dishes at surprisingly low prices. The attentive servers happily explain unfamiliar dishes, making every meal at Mishti a delightful education in India's rich culinary traditions.","mishti exciting indian cuisine near campus mishti offers a wide array of indian regional fare. vegans, vegetarians, and omnivores alike will enjoy brilliantly prepared dishes at surprisingly low prices. the attentive servers happily explain unfamiliar dishes, making every meal at mishti a delightful education in india's rich culinary traditions.","sha256:23fa3c4c946fa11729c8e67c41ed93d836bb8b07346cbf32957666248398af8c","available","242145c3942ea3f590b75b9f32cde3ffcc36dbccd3496b30b0e5e94b6b68f5db","be254152a5af5a8d","1621","916","1.76965066","RDL_DEDUP_PREVIEWS/RDL-046.jpg","800","452","public/reading/rdl/rdl-046/material_final.png","public/reading/rdl/rdl-046/selection_map.json","frozen_verified"
"RDL-047","[""5.23"",""6.7C""]","[{""occurrenceId"":""5.23-M1-RDL-02"",""set"":""5.23"",""sourceDate"":""2026-05-23"",""sourceFile"":""5月/Questions/5.23.pdf"",""questionRange"":{""start"":23,""end"":24},""rdlType"":""Read an email.""},{""occurrenceId"":""6.7C-M1-RDL-01"",""set"":""6.7C"",""sourceDate"":""2026-06-07"",""sourceFile"":""6月/PDF/M1_20260607C_ R_01-35_PDF.pdf"",""questionRange"":{""start"":21,""end"":22},""rdlType"":""Read an email.""}]","Dental Appointment","reviewed_canonical","Subject: Dental appointment
Dear Ms. Smith,
Your appointment at Midtown Dental Clinic is on October 21 at 9:00 A.M. If your insurance provider has changed, please update your information in the clinic's patient portal. Please arrive 10 minutes early to fill out and sign a health form.
Regards, Sarah Patel","subject: dental appointment dear ms. smith, your appointment at midtown dental clinic is on october 21 at 9:00 a.m. if your insurance provider has changed, please update your information in the clinic's patient portal. please arrive 10 minutes early to fill out and sign a health form. regards, sarah patel","sha256:7aeff83533c8f6136116ba66a8c5e1cf5555fd0a7e488cecbfe2299facc5330f","available","212bae9b045cf28976d289280aa0db7f7bea2244d6a5330777523efeb099f782","af3a95256a83f09c","1456","916","1.58951965","RDL_DEDUP_PREVIEWS/RDL-047.jpg","800","503","public/reading/rdl/rdl-047/material_final.png","public/reading/rdl/rdl-047/selection_map.json","frozen_verified"
"RDL-048","[""5.23"",""5.24A"",""6.16A"",""6.21A"",""6.21B"",""6.14""]","[{""occurrenceId"":""5.23-M1-RDL-03"",""set"":""5.23"",""sourceDate"":""2026-05-23"",""sourceFile"":""5月/Questions/5.23.pdf"",""questionRange"":{""start"":25,""end"":27},""rdlType"":""Read a notice.""},{""occurrenceId"":""5.24A-M1-RDL-02"",""set"":""5.24A"",""sourceDate"":""2026-05-24"",""sourceFile"":""5月/Questions/5.24A-M1.pdf"",""questionRange"":{""start"":23,""end"":25},""rdlType"":""Read a notice.""},{""occurrenceId"":""6.16A-M1-RDL-02"",""set"":""6.16A"",""sourceDate"":""2026-06-16"",""sourceFile"":""6月/PDF/M1_20260616A_R_01-35_PDF.pdf"",""questionRange"":{""start"":23,""end"":25},""rdlType"":""Read a notice.""},{""occurrenceId"":""6.21A-M1-RDL-03"",""set"":""6.21A"",""sourceDate"":""2026-06-21"",""sourceFile"":""6月/PDF/M1_20260621A_ R_01-35_PDF.pdf"",""questionRange"":{""start"":25,""end"":27},""rdlType"":""Read a notice.""},{""occurrenceId"":""6.21B-M1-RDL-03"",""set"":""6.21B"",""sourceDate"":""2026-06-21"",""sourceFile"":""6月/PDF/M1_20260621B_ R_01-35_PDF.pdf"",""questionRange"":{""start"":25,""end"":27},""rdlType"":""Read a notice.""},{""occurrenceId"":""6.14-M1-RDL-04"",""set"":""6.14"",""sourceDate"":""2026-06-14"",""sourceFile"":""6月/题目/套题/TOEFL_Reading_6.14.docx"",""questionRange"":{""start"":28,""end"":30},""rdlType"":""Read a notice.""}]","Attention Residents!","reviewed_canonical","Attention Residents!
Due to necessary maintenance on the main water line, there will be a temporary interruption in water service for all residents in the Maplewood dormitory. Date: Monday, March 15 Time: 9:00 A.M.- 4:00 P.M.
Important Information: 1.Preparation: • Fill containers with water for drinking and cooking before the interruption. • Store enough water for personal hygiene needs. 2.During the Interruption: • Do not attempt to use faucets, showers, or any appliances that require water. • Toilets may not function properly; please plan accordingly. 3.After Service Resumes: • Run cold water through all faucets for a few minutes to clear any sediment. • Check for any leaks and report them immediately to the maintenance department.
Contact Information: For questions or concerns, please contact the Maplewood Maintenance Department at 555-4321. We apologize for the inconvenience and appreciate your understanding as we work to improve our community's water infrastructure.","attention residents! due to necessary maintenance on the main water line, there will be a temporary interruption in water service for all residents in the maplewood dormitory. date: monday, march 15 time: 9:00 a.m.- 4:00 p.m. important information: 1.preparation: • fill containers with water for drinking and cooking before the interruption. • store enough water for personal hygiene needs. 2.during the interruption: • do not attempt to use faucets, showers, or any appliances that require water. • toilets may not function properly; please plan accordingly. 3.after service resumes: • run cold water through all faucets for a few minutes to clear any sediment. • check for any leaks and report them immediately to the maintenance department. contact information: for questions or concerns, please contact the maplewood maintenance department at 555-4321. we apologize for the inconvenience and appreciate your understanding as we work to improve our community's water infrastructure.","sha256:0149e9f0b5230c1468f9f1a9f1c183b110ffe9553ec31d8f55b3b86cc6744416","available","090ea689b7c72fdfa3ce5525b27d5fe9ab3723feda8cfbb8c2f22bf2784239d6","afd0e0e0f496d495","2162","2160","1.00092593","RDL_DEDUP_PREVIEWS/RDL-048.jpg","800","799","public/reading/rdl/rdl-048/material_final.png","public/reading/rdl/rdl-048/selection_map.json","frozen_verified"
"RDL-049","[""5.23""]","[{""occurrenceId"":""5.23-M1-RDL-04"",""set"":""5.23"",""sourceDate"":""2026-05-23"",""sourceFile"":""5月/Questions/5.23.pdf"",""questionRange"":{""start"":28,""end"":30},""rdlType"":""Read a flyer.""}]","Serve & Shine: Volunteer Opportunities Expo","reviewed_canonical","Serve & Shine: Volunteer Opportunities Expo
Discover dozens of local nonprofit organizations, campus service clubs, and community partners who need your skills and passion. Explore short-term projects, semester-long roles, and leadership positions in areas such as environmental action, literacy, public health, arts and culture, and civic engagement.
Stop by our Volunteer Matching Desk to get personalized guidance, grab free snacks, and enter the giveaway for eco-friendly swag.
New to volunteering? No problem! Attend rapid-fire micro-workshops on getting started, building impact, and balancing service with study, Students, faculty, and staff are welcome. Preregister for priority check-in and to gain advance access to the digital program. Preregistration will also help you avoid delays from day-of accommodations requests. You may also bring your university ID for on-the-spot registration.
Come connect, contribute, and leave with your next way to serve and shine!","serve & shine: volunteer opportunities expo discover dozens of local nonprofit organizations, campus service clubs, and community partners who need your skills and passion. explore short-term projects, semester-long roles, and leadership positions in areas such as environmental action, literacy, public health, arts and culture, and civic engagement. stop by our volunteer matching desk to get personalized guidance, grab free snacks, and enter the giveaway for eco-friendly swag. new to volunteering? no problem! attend rapid-fire micro-workshops on getting started, building impact, and balancing service with study, students, faculty, and staff are welcome. preregister for priority check-in and to gain advance access to the digital program. preregistration will also help you avoid delays from day-of accommodations requests. you may also bring your university id for on-the-spot registration. come connect, contribute, and leave with your next way to serve and shine!","sha256:cd8ca038f00cece7c8ad1fe5c2b4e39fd17bf087c15c869b19f4cd7c2f9124d2","available","bfae7ad725a5df0eb8f6c7ec5664c7d1831626d1a527eb70267a51796a35b720","af6aa969d29461b4","1627","1596","1.01942356","RDL_DEDUP_PREVIEWS/RDL-049.jpg","800","785","public/reading/rdl/rdl-049/material_final.png","public/reading/rdl/rdl-049/selection_map.json","frozen_verified"
"RDL-050","[""5.24A"",""6.16A""]","[{""occurrenceId"":""5.24A-M1-RDL-01"",""set"":""5.24A"",""sourceDate"":""2026-05-24"",""sourceFile"":""5月/Questions/5.24A-M1.pdf"",""questionRange"":{""start"":21,""end"":22},""rdlType"":""Read a webpage.""},{""occurrenceId"":""6.16A-M1-RDL-01"",""set"":""6.16A"",""sourceDate"":""2026-06-16"",""sourceFile"":""6月/PDF/M1_20260616A_R_01-35_PDF.pdf"",""questionRange"":{""start"":21,""end"":22},""rdlType"":""Read a webpage.""}]","Welcome, Study-Abroad Students!","reviewed_canonical","http://www.cityexplorers.com X
Welcome, Study-Abroad Students!
See the sights of Jerez, Spain with our seasoned guides. Our tours cater to diverse interests, covering everything from centuries-old architectural marvels to bustling local markets.
Each curated tour captures the city's distinctive charm. Reach out to secure your spot now!
Email: info@cityexplorers.es Telephone: 134 55 554 123","http://www.cityexplorers.com x welcome, study-abroad students! see the sights of jerez, spain with our seasoned guides. our tours cater to diverse interests, covering everything from centuries-old architectural marvels to bustling local markets. each curated tour captures the city's distinctive charm. reach out to secure your spot now! email: info@cityexplorers.es telephone: 134 55 554 123","sha256:e2eee88869c7c4420c9abc0de54335ffb87f3b0d1b9dab12598fa557edd9b362","available","56b9c18a4b403f784950d82d76d33d0c56426f27e261529aded7b32ed5afae1d","bf6e14124a1a769d","2076","1462","1.41997264","RDL_DEDUP_PREVIEWS/RDL-050.jpg","800","563","public/reading/rdl/rdl-050/material_final.png","public/reading/rdl/rdl-050/selection_map.json","frozen_verified"
"RDL-051","[""5.24B"",""6.15A"",""6.16B""]","[{""occurrenceId"":""5.24B-M1-RDL-01"",""set"":""5.24B"",""sourceDate"":""2026-05-24"",""sourceFile"":""5月/Questions/5.24B-M1.pdf"",""questionRange"":{""start"":21,""end"":22},""rdlType"":""Read a social media post.""},{""occurrenceId"":""6.15A-M1-RDL-01"",""set"":""6.15A"",""sourceDate"":""2026-06-15"",""sourceFile"":""6月/PDF/M1_2026615A_R_01-35_PDF.pdf"",""questionRange"":{""start"":21,""end"":22},""rdlType"":""Read a social media post.""},{""occurrenceId"":""6.16B-M1-RDL-01"",""set"":""6.16B"",""sourceDate"":""2026-06-16"",""sourceFile"":""6月/PDF/M1_20260616B_R_01-35_PDF.pdf"",""questionRange"":{""start"":21,""end"":22},""rdlType"":""Read a social media post.""}]","College Craft-A-Thon","reviewed_canonical","North Bay
Join our annual College Craft-A-Thon next Saturday, 10 A.M.-4 P.M. at Grunfeld Commons!
Explore knitting, painting, woodworking, and more. Showcase your skills, learn new techniques, and connect with other students. Bring your materials and lunch. To reserve a booth, sign up at the Student Events Center.
For inquiries: craftcorner@northbay.edu
Like Comment","north bay join our annual college craft-a-thon next saturday, 10 a.m.-4 p.m. at grunfeld commons! explore knitting, painting, woodworking, and more. showcase your skills, learn new techniques, and connect with other students. bring your materials and lunch. to reserve a booth, sign up at the student events center. for inquiries: craftcorner@northbay.edu like comment","sha256:8eaaceae993ea3978ad31cffb33b0f19297cf929267e5c2f3c4b4fc70d107f27","available","5fb08f2282f33cae268fa10ce9d2689764c6489296b2c6429ccb92f38bddd7df","922b6a2e6b9ce9c4","1344","1930","0.69637306","RDL_DEDUP_PREVIEWS/RDL-051.jpg","557","800","public/reading/rdl/rdl-051/material_final.png","public/reading/rdl/rdl-051/selection_map.json","frozen_verified"
"RDL-052","[""5.24B"",""6.15A"",""6.16B""]","[{""occurrenceId"":""5.24B-M1-RDL-02"",""set"":""5.24B"",""sourceDate"":""2026-05-24"",""sourceFile"":""5月/Questions/5.24B-M1.pdf"",""questionRange"":{""start"":23,""end"":25},""rdlType"":""Read an article.""},{""occurrenceId"":""6.15A-M1-RDL-02"",""set"":""6.15A"",""sourceDate"":""2026-06-15"",""sourceFile"":""6月/PDF/M1_2026615A_R_01-35_PDF.pdf"",""questionRange"":{""start"":23,""end"":25},""rdlType"":""Read an article.""},{""occurrenceId"":""6.16B-M1-RDL-02"",""set"":""6.16B"",""sourceDate"":""2026-06-16"",""sourceFile"":""6月/PDF/M1_20260616B_R_01-35_PDF.pdf"",""questionRange"":{""start"":23,""end"":25},""rdlType"":""Read an article.""}]","Dorm Renovation Time Capsule","reviewed_canonical","Time Capsule Unearthed During Dorm Renovation
Construction crews renovating Murdoch Hall have discovered a time capsule buried by students in the year 1896, sparking excitement across campus. Inside were letters, photographs, and a campus map showing buildings long gone. ""It's like stepping into the past,"" said archivist Dana Wells, who catalogued the items. Students lined up to view the capsule's contents, marveling at the artifacts. ""Seeing their hopes and dreams—it's inspiring,"" said junior Malik Johnson. The university will host an exhibit next month featuring the capsule's contents alongside reflections from current students, some of whom have expressed interest in contributing to a new capsule, creating a bridge between the past and the present. ""It's a reminder of how much has changed—and how much hasn't,"" Wells added. The discovery has sparked conversations about campus traditions and the importance of preserving history, turning a routine renovation into a moment of shared pride and curiosity.","time capsule unearthed during dorm renovation construction crews renovating murdoch hall have discovered a time capsule buried by students in the year 1896, sparking excitement across campus. inside were letters, photographs, and a campus map showing buildings long gone. ""it's like stepping into the past,"" said archivist dana wells, who catalogued the items. students lined up to view the capsule's contents, marveling at the artifacts. ""seeing their hopes and dreams—it's inspiring,"" said junior malik johnson. the university will host an exhibit next month featuring the capsule's contents alongside reflections from current students, some of whom have expressed interest in contributing to a new capsule, creating a bridge between the past and the present. ""it's a reminder of how much has changed—and how much hasn't,"" wells added. the discovery has sparked conversations about campus traditions and the importance of preserving history, turning a routine renovation into a moment of shared pride and curiosity.","sha256:dd98f57b313e7e117c0721867d514bdb21b9c105672fa2fd2956c7dcf7b417cd","available","50bc5ea72474a83584b1fa8fb89a6476efb46e75f44a54aaecdcbc27e4dcf15f","ade0f0f4442d5a9d","1796","1810","0.99226519","RDL_DEDUP_PREVIEWS/RDL-052.jpg","794","800","public/reading/rdl/rdl-052/material_final.png","public/reading/rdl/rdl-052/selection_map.json","frozen_verified"
"RDL-053","[""5.28""]","[{""occurrenceId"":""5.28-M1-RDL-01"",""set"":""5.28"",""sourceDate"":""2026-05-28"",""sourceFile"":""5月/Questions/5.28-M1.pdf"",""questionRange"":{""start"":21,""end"":22},""rdlType"":""Read a notice.""}]","Dorm Room Maintenance","reviewed_canonical","Annual dormitory room maintenance will occur from April 5 to April 7. During work hours (8 A.M.-3:30 P.M.), access to your room may be limited. Please ensure all personal belongings are secured. For further details, contact the Housing Office at housing@universityintl.edu or visit our website.","annual dormitory room maintenance will occur from april 5 to april 7. during work hours (8 a.m.-3:30 p.m.), access to your room may be limited. please ensure all personal belongings are secured. for further details, contact the housing office at housing@universityintl.edu or visit our website.","sha256:c81670454b8a711f2f0a94347a7a780ec090ac9f699551d61c225d2594960a81","available","a181f28aed3852c968bb798168a03480f5f65b4b6455f5e9ed499be72f67468f","bf42c01dd1e5d293","2232","954","2.33962264","RDL_DEDUP_PREVIEWS/RDL-053.jpg","800","342","public/reading/rdl/rdl-053/material_final.png","public/reading/rdl/rdl-053/selection_map.json","frozen_verified"
"RDL-054","[""5.28""]","[{""occurrenceId"":""5.28-M1-RDL-03"",""set"":""5.28"",""sourceDate"":""2026-05-28"",""sourceFile"":""5月/Questions/5.28-M1.pdf"",""questionRange"":{""start"":25,""end"":27},""rdlType"":""Read an article.""}]","Affordable Student Housing Shortage","reviewed_canonical","Student Housing Dilemma: A Shortage of Affordable Options
As the new academic year kicks off at Bridgeford University, students face significant challenges in finding places to live. Reports indicate a significant shortage of affordable on-campus accommodation, pushing many to seek alternatives in the already competitive off-campus market. Sarah Lee, a sophomore, notes, ""Last year, I secured on-campus housing easily, but this time I had to move two miles away, turning a five-minute walk into a fifteen-minute drive."" According to the university's Housing Department, this shortage is due to increased enrollment and delayed construction of new dormitories. The Student Union has stepped in, advocating for more immediate solutions like temporary housing subsidies and partnerships with local landlords. Additionally, the Union is organizing workshops on tenant rights and apartment-hunting strategies. Campus officials assure students that efforts are underway to accelerate dormitory construction, aiming for completion by next fall. Housing affordability is an issue that demands long-term solutions as university enrollment keeps rising.","student housing dilemma: a shortage of affordable options as the new academic year kicks off at bridgeford university, students face significant challenges in finding places to live. reports indicate a significant shortage of affordable on-campus accommodation, pushing many to seek alternatives in the already competitive off-campus market. sarah lee, a sophomore, notes, ""last year, i secured on-campus housing easily, but this time i had to move two miles away, turning a five-minute walk into a fifteen-minute drive."" according to the university's housing department, this shortage is due to increased enrollment and delayed construction of new dormitories. the student union has stepped in, advocating for more immediate solutions like temporary housing subsidies and partnerships with local landlords. additionally, the union is organizing workshops on tenant rights and apartment-hunting strategies. campus officials assure students that efforts are underway to accelerate dormitory construction, aiming for completion by next fall. housing affordability is an issue that demands long-term solutions as university enrollment keeps rising.","sha256:f1bc202ae26ef6e6d485b62308b6ed86ef221aa6a5ac811e6eff074a3885f16f","available","d160b89829f6a03b582986ae6e938f9cb34641b9a84af413963db78df8ce4f8b","abf0f0f4e0b6092b","2178","2103","1.03566334","RDL_DEDUP_PREVIEWS/RDL-054.jpg","800","772","public/reading/rdl/rdl-054/material_final.png","public/reading/rdl/rdl-054/selection_map.json","frozen_verified"
"RDL-055","[""5.31""]","[{""occurrenceId"":""5.31-M1-RDL-01"",""set"":""5.31"",""sourceDate"":""2026-05-31"",""sourceFile"":""5月/Questions/5.31-M1.pdf"",""questionRange"":{""start"":21,""end"":22},""rdlType"":""Read a social media post.""}]","University Library Update","reviewed_canonical","Library News University Library Update
Welcome back from fall break, students! Now that exam season is beginning, the library has extended weekend hours for all you night owls. They will match our normal weekday hours: 8:00 A.M. to 11:00 P.M. Don't forget to visit our website to reserve study rooms and additional resources.
Happy studying!
3 Like • Comment","library news university library update welcome back from fall break, students! now that exam season is beginning, the library has extended weekend hours for all you night owls. they will match our normal weekday hours: 8:00 a.m. to 11:00 p.m. don't forget to visit our website to reserve study rooms and additional resources. happy studying! 3 like • comment","sha256:c400c4cf68899defb297f4c6c57c8cc38ab30bdf1d693d8de0c69cabaf441b6d","available","3824b69beeb3440650142a25779d3de971a0038c20f19b2465e267402d6f64a7","be2a6a3b6f90a8c1","664","1112","0.5971223","RDL_DEDUP_PREVIEWS/RDL-055.jpg","478","800","public/reading/rdl/rdl-055/material_final.png","public/reading/rdl/rdl-055/selection_map.json","frozen_verified"
"RDL-056","[""5.31""]","[{""occurrenceId"":""5.31-M1-RDL-02"",""set"":""5.31"",""sourceDate"":""2026-05-31"",""sourceFile"":""5月/Questions/5.31-M1.pdf"",""questionRange"":{""start"":23,""end"":25},""rdlType"":""Read a flyer.""}]","Study Smarter: Academic Success Workshop","reviewed_canonical","Study Smarter: Academic Success Workshop
Unlock your best semester with a hands-on workshop designed to elevate your study techniques. In 60 minutes, we'll cover proven strategies to give you a boost, including effective time management, efficient note-taking, active recall, interval-based study, and strategic exam preparation. You'll practice building a weekly learning plan, breaking down large assignments, and tracking progress with simple tools. We'll also highlight campus resources—including tutoring, the Writing Center, advising, and peer mentoring—so you'll know exactly where to get support when you need it. Bring your syllabi and a laptop or notebook; you'll leave with a personalized study plan you can start using immediately. • Open to all registered students—undergraduate & graduate • September 10, 7:00 P.M.-8:00 P.M. • Jasper Hall, Room 404 • Free snacks! • Registration Required: www.bledmorecollege.edu/studysmarter • Questions? Contact Liz Parker at Iparker@bledmorecollege.edu","study smarter: academic success workshop unlock your best semester with a hands-on workshop designed to elevate your study techniques. in 60 minutes, we'll cover proven strategies to give you a boost, including effective time management, efficient note-taking, active recall, interval-based study, and strategic exam preparation. you'll practice building a weekly learning plan, breaking down large assignments, and tracking progress with simple tools. we'll also highlight campus resources—including tutoring, the writing center, advising, and peer mentoring—so you'll know exactly where to get support when you need it. bring your syllabi and a laptop or notebook; you'll leave with a personalized study plan you can start using immediately. • open to all registered students—undergraduate & graduate • september 10, 7:00 p.m.-8:00 p.m. • jasper hall, room 404 • free snacks! • registration required: www.bledmorecollege.edu/studysmarter • questions? contact liz parker at iparker@bledmorecollege.edu","sha256:ef229adb5bcdc76cef7bc30b7df16b32289ed1bb0cd48a30041627ce99136154","available","4368c1beaf181a2f0a2447c6c971f3ae831453c80bf39ed33e9b3a36fc6b7d5a","b562f2b262a7a24e","1262","1320","0.95606061","RDL_DEDUP_PREVIEWS/RDL-056.jpg","765","800","public/reading/rdl/rdl-056/material_final.png","public/reading/rdl/rdl-056/selection_map.json","frozen_verified"
"RDL-057","[""6.1A""]","[{""occurrenceId"":""6.1A-M1-RDL-01"",""set"":""6.1A"",""sourceDate"":""2026-06-01"",""sourceFile"":""6月/PDF/M1_20260601A_ R_01-35_PDF.pdf"",""questionRange"":{""start"":21,""end"":22},""rdlType"":""Read a notice.""}]","Mental Well-Being Workshops","reviewed_canonical","Mental Well-Being Workshops
Join Maplewood College Nursing School students for wellness workshops on Tuesday, March 12, and Tuesday, April 9, at 3 P.M. in Vincent Hall, Room 214. • Share experiences in peer-facilitated sessions aimed at building support networks • Receive information from College staff on seeking and using wellness resources Sign up at maplewoodwellness.edu.","mental well-being workshops join maplewood college nursing school students for wellness workshops on tuesday, march 12, and tuesday, april 9, at 3 p.m. in vincent hall, room 214. • share experiences in peer-facilitated sessions aimed at building support networks • receive information from college staff on seeking and using wellness resources sign up at maplewoodwellness.edu.","sha256:eb59694a059d952013ffcebb928621ed8a758e391d5e6744423459d99a2827f4","available","0b3a3cccc641013adc7f3cdc6b1054d58ca45a81e0936fd75c87d6844c3ba229","bd646a1a4e07ca9b","1689","1007","1.67725919","RDL_DEDUP_PREVIEWS/RDL-057.jpg","800","477","public/reading/rdl/rdl-057/material_final.png","public/reading/rdl/rdl-057/selection_map.json","frozen_verified"
"RDL-058","[""6.1A""]","[{""occurrenceId"":""6.1A-M1-RDL-02"",""set"":""6.1A"",""sourceDate"":""2026-06-01"",""sourceFile"":""6月/PDF/M1_20260601A_ R_01-35_PDF.pdf"",""questionRange"":{""start"":23,""end"":25},""rdlType"":""Read a webpage.""}]","Campusconnect","reviewed_canonical","CampusConnect We make campus commuting simple! What we offer Transit Schedules: Access comprehensive campus shuttle and bus timetables. Dynamic itinerary recalibration helps you get to your next class or club meeting on time. Rideshare and Bikeshare Availability: Compare prices and wait times across platforms. Map pinpoints your exact location relative to nearby vehicles. Campus Traffic: Instantly receive notifications about roadblocks, construction zones, and detours. Synthesizing data from campus transportation services and student-generated reports maintains accuracy. User-Friendly Interface: Designed for diverse groups, from first-year students to faculty. Save frequently visited locations such as dorms, libraries, and lecture halls. Customizable notification settings empower users to tailor alerts according to specific categories of information and desired time intervals. Commitment to Excellence: Our team monitors user feedback to refine app functionality. In a relentless pursuit of innovation, CampusConnect evolves together with the communities it serves. Click here to download CampusConnect today!","campusconnect we make campus commuting simple! what we offer transit schedules: access comprehensive campus shuttle and bus timetables. dynamic itinerary recalibration helps you get to your next class or club meeting on time. rideshare and bikeshare availability: compare prices and wait times across platforms. map pinpoints your exact location relative to nearby vehicles. campus traffic: instantly receive notifications about roadblocks, construction zones, and detours. synthesizing data from campus transportation services and student-generated reports maintains accuracy. user-friendly interface: designed for diverse groups, from first-year students to faculty. save frequently visited locations such as dorms, libraries, and lecture halls. customizable notification settings empower users to tailor alerts according to specific categories of information and desired time intervals. commitment to excellence: our team monitors user feedback to refine app functionality. in a relentless pursuit of innovation, campusconnect evolves together with the communities it serves. click here to download campusconnect today!","sha256:ab26d3e7317850226a18155dc72a2856b5f98597afe9407edb4fb4271d68e7f5","available","468a85d91918739058485706f2d9207a3dc69b34ad28c088defa93374855d9b4","af524247853d958f","1402","1210","1.15867769","RDL_DEDUP_PREVIEWS/RDL-058.jpg","800","690","public/reading/rdl/rdl-058/material_final.png","public/reading/rdl/rdl-058/selection_map.json","frozen_verified"
"RDL-059","[""6.1B""]","[{""occurrenceId"":""6.1B-M1-RDL-01"",""set"":""6.1B"",""sourceDate"":""2026-06-01"",""sourceFile"":""6月/PDF/M1_20260601B_R_01-35_PDF.pdf"",""questionRange"":{""start"":21,""end"":22},""rdlType"":""Read an excerpt from a syllabus.""}]","Pols 201 Comparative Political Thought","reviewed_canonical","POLS 201 Comparative Political Thought Engage in lively debates and critical analysis of concepts that have shaped political systems worldwide. Through interactive discussions and collaborative inquiry, students explore how diverse traditions have influenced theories on governance and power over time. Meets Tuesdays and Thursdays 1:30–2:45 P.M. Open to juniors and seniors.","pols 201 comparative political thought engage in lively debates and critical analysis of concepts that have shaped political systems worldwide. through interactive discussions and collaborative inquiry, students explore how diverse traditions have influenced theories on governance and power over time. meets tuesdays and thursdays 1:30–2:45 p.m. open to juniors and seniors.","sha256:c1acd83ab0b3f75d6abddbe64c750624d42b17cf105ec2b42ee94347e28cb329","available","65eba23279aa028287e39cd89e8e1890614b07a1d93aa989780a4372a6262c5c","ab0f97f4489285b5","2062","829","2.48733414","RDL_DEDUP_PREVIEWS/RDL-059.jpg","800","322","public/reading/rdl/rdl-059/material_final.png","public/reading/rdl/rdl-059/selection_map.json","frozen_verified"
"RDL-060","[""6.1B""]","[{""occurrenceId"":""6.1B-M1-RDL-02"",""set"":""6.1B"",""sourceDate"":""2026-06-01"",""sourceFile"":""6月/PDF/M1_20260601B_R_01-35_PDF.pdf"",""questionRange"":{""start"":23,""end"":25},""rdlType"":""Read an announcement.""}]","Student Networking Mixer","reviewed_canonical","Momentum Meet-up: Networking Mixer for Students
Build real-world connections with peers, alumni, and local employers at our campus-wide mixer! Join us on Tuesday, April 14, 5:00–7:00 P.M. in the Student Center Ballroom. The evening features fast-paced speed-networking rounds, a short alumni insights panel, and open mingling—perfect for practicing introductions and discovering internships. • Arrive at 4:45 P.M. for a quick networking primer led by Career Services. • Be prepared to share five to ten copies of your résumé. • Smart casual attire is encouraged. • Light refreshments provided. • Name tags and conversation starters will be provided at check-in. • All majors and class years welcome, including graduate students. Hosted by Career Services and Student Government, Momentum Meet-up is a friendly, low-pressure space to grow your professional network and learn how to follow up the right way. Come for the conversation; leave with contacts. RSVP by April 10 at www.momentummeetup.dreyer.edu.","momentum meet-up: networking mixer for students build real-world connections with peers, alumni, and local employers at our campus-wide mixer! join us on tuesday, april 14, 5:00–7:00 p.m. in the student center ballroom. the evening features fast-paced speed-networking rounds, a short alumni insights panel, and open mingling—perfect for practicing introductions and discovering internships. • arrive at 4:45 p.m. for a quick networking primer led by career services. • be prepared to share five to ten copies of your résumé. • smart casual attire is encouraged. • light refreshments provided. • name tags and conversation starters will be provided at check-in. • all majors and class years welcome, including graduate students. hosted by career services and student government, momentum meet-up is a friendly, low-pressure space to grow your professional network and learn how to follow up the right way. come for the conversation; leave with contacts. rsvp by april 10 at www.momentummeetup.dreyer.edu.","sha256:72846206a1689cd546f07089e4f9e8599efccc0528af156e6b3ea0ed314b84fb","available","9ffec36f3ab472ceb44867fbf86ec6cd445c6d0c1c32cca75e27fb76640977ee","bed068e94a423bb5","1325","1280","1.03515625","RDL_DEDUP_PREVIEWS/RDL-060.jpg","800","773","public/reading/rdl/rdl-060/material_final.png","public/reading/rdl/rdl-060/selection_map.json","frozen_verified"
"RDL-061","[""6.2A""]","[{""occurrenceId"":""6.2A-M1-RDL-01"",""set"":""6.2A"",""sourceDate"":""2026-06-02"",""sourceFile"":""6月/PDF/M1_20260602A_ R_01-35_PDF(缺q1).pdf"",""questionRange"":{""start"":21,""end"":22},""rdlType"":""Read a sign.""}]","Library Hours And Guidelines","reviewed_canonical","Library Hours: Mon–Fri: 8 A.M.–7 P.M. Sat: 9 A.M.–5 P.M. Sun: Closed
Guidelines: • Reserve study rooms online. • Printing limit: 20 pages/day • Bottled water allowed in designated zones. • Silence phones. • Use computers for research only.
Lockers are available near the front desk for stowing personal belongings.","library hours: mon–fri: 8 a.m.–7 p.m. sat: 9 a.m.–5 p.m. sun: closed guidelines: • reserve study rooms online. • printing limit: 20 pages/day • bottled water allowed in designated zones. • silence phones. • use computers for research only. lockers are available near the front desk for stowing personal belongings.","sha256:a14c9f5e0b86e4ec5fe1c917dce913a9d81830fe4d80bfadddd20e73a149977d","available","588ba10dc715c022e51fc3e3ed490a6f8ed7a24d7fbd1396e4a2491c4054cd49","bf87c070f1c3c079","1417","1197","1.18379282","RDL_DEDUP_PREVIEWS/RDL-061.jpg","800","676","public/reading/rdl/rdl-061/material_final.png","public/reading/rdl/rdl-061/selection_map.json","frozen_verified"
"RDL-062","[""6.2A""]","[{""occurrenceId"":""6.2A-M1-RDL-02"",""set"":""6.2A"",""sourceDate"":""2026-06-02"",""sourceFile"":""6月/PDF/M1_20260602A_ R_01-35_PDF(缺q1).pdf"",""questionRange"":{""start"":23,""end"":25},""rdlType"":""Read a webpage.""}]","Your Global Classroom Awaits!","reviewed_canonical","https://www.japansap.jp
YOUR GLOBAL CLASSROOM AWAITS! A. Take your education beyond borders with our Japan Study Abroad Program (Japan SAP). B. Earn college credit while exploring a land that blends ancient traditions with cutting-edge innovation. C. This program is designed for college students seeking cultural immersion and intellectual growth. D. The Japan SAP complies with university study-abroad policies and is fully accredited for transfer credits. Program Highlights: • Tokyo: Engage in lectures on global business and technology while experiencing vibrant city life. • Kyoto: Study Japanese history and art surrounded by temples and gardens. • Hokkaido: Learn environmental science through hands-on activities in stunning natural landscapes. Why Choose This Program? • Faculty-led courses and expert local guides • Flexible itineraries aligned with your academic goals • Affordable student pricing and scholarships available • Seasonal options include winter break and spring break sessions Language support ensures a smooth experience. Apply now! Visit www.japansap.jp or call 940-555-1234 for details.","https://www.japansap.jp your global classroom awaits! a. take your education beyond borders with our japan study abroad program (japan sap). b. earn college credit while exploring a land that blends ancient traditions with cutting-edge innovation. c. this program is designed for college students seeking cultural immersion and intellectual growth. d. the japan sap complies with university study-abroad policies and is fully accredited for transfer credits. program highlights: • tokyo: engage in lectures on global business and technology while experiencing vibrant city life. • kyoto: study japanese history and art surrounded by temples and gardens. • hokkaido: learn environmental science through hands-on activities in stunning natural landscapes. why choose this program? • faculty-led courses and expert local guides • flexible itineraries aligned with your academic goals • affordable student pricing and scholarships available • seasonal options include winter break and spring break sessions language support ensures a smooth experience. apply now! visit www.japansap.jp or call 940-555-1234 for details.","sha256:2c1336feb485f2efcf91da059a98035dfc0f2a0085233ef349e54d95fc478038","available","9ed827b71469384b3aa4919a666a63a53d1a047c7db2ed8b0a39bc7490b1acfc","bf13435a871652a7","1271","1334","0.95277361","RDL_DEDUP_PREVIEWS/RDL-062.jpg","762","800","public/reading/rdl/rdl-062/material_final.png","public/reading/rdl/rdl-062/selection_map.json","frozen_verified"
"RDL-063","[""6.3A""]","[{""occurrenceId"":""6.3A-M1-RDL-01"",""set"":""6.3A"",""sourceDate"":""2026-06-03"",""sourceFile"":""6月/PDF/M1_20260603_ R_01-35_PDF.pdf"",""questionRange"":{""start"":21,""end"":22},""rdlType"":""Read a notice.""}]","Sidewalk Repair Project","reviewed_canonical","Sidewalk Repair Project
Beginning on July 16, sidewalk repairs will occur on East Campus. College Drive will be closed to cars and pedestrians during the project. Expect noise during working hours until construction ends on July 21. The Facilities Office will accept comments until July 2. The final plan will be released on July 9.","sidewalk repair project beginning on july 16, sidewalk repairs will occur on east campus. college drive will be closed to cars and pedestrians during the project. expect noise during working hours until construction ends on july 21. the facilities office will accept comments until july 2. the final plan will be released on july 9.","sha256:d55b6deba5a496c9313b8f7343977c29533a420f5cb55ec69d2de03f3d265160","available","2d9d47853cfc353a9057d622ea0aac7da22624be44fe87bccb248c22497be7a3","aac0943f8f9ee870","1875","909","2.06270627","RDL_DEDUP_PREVIEWS/RDL-063.jpg","800","388","public/reading/rdl/rdl-063/material_final.png","public/reading/rdl/rdl-063/selection_map.json","frozen_verified"
"RDL-064","[""6.3A""]","[{""occurrenceId"":""6.3A-M1-RDL-02"",""set"":""6.3A"",""sourceDate"":""2026-06-03"",""sourceFile"":""6月/PDF/M1_20260603_ R_01-35_PDF.pdf"",""questionRange"":{""start"":23,""end"":25},""rdlType"":""Read a text-message chain.""}]","Remote Learning Assignment Chat","reviewed_canonical","Colin (8:20 P.M.): I’m still wrestling with this week’s assignment. I get it that we have to evaluate the longterm implications of remote learning, but that feels incredibly broad. Priya (8:22 P.M.): I had the same reaction. I think the goal is to show we can take a position and use evidence to back it up, not cover every possible angle. Mateo (8:26 P.M.): Agreed. I’m focusing on how online courses affect students’ motivation over time. There’s plenty of research, but the findings contradict each other, which makes the analysis tricky. Colin (8:29 P.M.): Exactly. Every article I read raises a different concern—participation, cognitive load, course design. It’s hard to figure out which thread to prioritize.
Priya (8:31 P.M.): I’d pick the one you can argue most clearly. The professor said clarity matters more than trying to sound ""comprehensive.""","colin (8:20 p.m.): i'm still wrestling with this week's assignment. i get it that we have to evaluate the longterm implications of remote learning, but that feels incredibly broad. priya (8:22 p.m.): i had the same reaction. i think the goal is to show we can take a position and use evidence to back it up, not cover every possible angle. mateo (8:26 p.m.): agreed. i'm focusing on how online courses affect students' motivation over time. there's plenty of research, but the findings contradict each other, which makes the analysis tricky. colin (8:29 p.m.): exactly. every article i read raises a different concern—participation, cognitive load, course design. it's hard to figure out which thread to prioritize. priya (8:31 p.m.): i'd pick the one you can argue most clearly. the professor said clarity matters more than trying to sound ""comprehensive.""","sha256:8cb012d193e67bece73781d899aa09b41ff0eb7d97ba8de813866e78f5aae202","available","8960e1da7544c521cbcb3fb07bb8398c673202c7fffddbb6538032da020625cf","ff6a36346243b4c2","1148","1478","0.7767253","RDL_DEDUP_PREVIEWS/RDL-064.jpg","621","800","public/reading/rdl/rdl-064/material_final.png","public/reading/rdl/rdl-064/selection_map.json","frozen_verified"
"RDL-065","[""6.7A"",""6.7B"",""6.29A""]","[{""occurrenceId"":""6.7A-M1-RDL-01"",""set"":""6.7A"",""sourceDate"":""2026-06-07"",""sourceFile"":""6月/PDF/M1_20260607A_ R_01-35_Word.pdf"",""questionRange"":{""start"":21,""end"":22},""rdlType"":""Read a review.""},{""occurrenceId"":""6.7B-M1-RDL-01"",""set"":""6.7B"",""sourceDate"":""2026-06-07"",""sourceFile"":""6月/PDF/M1_20260607B_ R_01-35_PDF.pdf"",""questionRange"":{""start"":21,""end"":22},""rdlType"":""Read a review.""},{""occurrenceId"":""6.29A-M1-RDL-01"",""set"":""6.29A"",""sourceDate"":""2026-06-29"",""sourceFile"":""6月/PDF/M1_20260629A_R_01-35_PDF.pdf"",""questionRange"":{""start"":21,""end"":22},""rdlType"":""Read a review.""}]","Global Cultures Documentary","reviewed_canonical","Discovering Human Cultures by Dr. R. J. Hancock explores anthropology through case studies of global societies.
The book, the basis for a six-part documentary currently in production, explains various rituals and traditions, focusing on their historical significance.
Designed for curious readers, it also serves as a supplemental resource for introductory anthropology courses. Helpful?","discovering human cultures by dr. r. j. hancock explores anthropology through case studies of global societies. the book, the basis for a six-part documentary currently in production, explains various rituals and traditions, focusing on their historical significance. designed for curious readers, it also serves as a supplemental resource for introductory anthropology courses. helpful?","sha256:29ea6edf6f9b1ac6c952661811bdac8d44cb55532a446591d72f3dfe6ebf4b1d","available","4f1375ed0055fc5e57410986271474421e66bf999958b896cc2bcd0bdb7fb31e","bf85d2926a662dc8","1734","981","1.7675841","RDL_DEDUP_PREVIEWS/RDL-065.jpg","800","453","public/reading/rdl/rdl-065/material_final.png","public/reading/rdl/rdl-065/selection_map.json","frozen_verified"
"RDL-066","[""6.7A"",""6.7B"",""6.29A""]","[{""occurrenceId"":""6.7A-M1-RDL-02"",""set"":""6.7A"",""sourceDate"":""2026-06-07"",""sourceFile"":""6月/PDF/M1_20260607A_ R_01-35_Word.pdf"",""questionRange"":{""start"":23,""end"":25},""rdlType"":""Read an article.""},{""occurrenceId"":""6.7B-M1-RDL-02"",""set"":""6.7B"",""sourceDate"":""2026-06-07"",""sourceFile"":""6月/PDF/M1_20260607B_ R_01-35_PDF.pdf"",""questionRange"":{""start"":23,""end"":25},""rdlType"":""Read an article.""},{""occurrenceId"":""6.29A-M1-RDL-02"",""set"":""6.29A"",""sourceDate"":""2026-06-29"",""sourceFile"":""6月/PDF/M1_20260629A_R_01-35_PDF.pdf"",""questionRange"":{""start"":23,""end"":25},""rdlType"":""Read an article.""}]","Arts Week Flash Mob","reviewed_canonical","At noon yesterday, Summit View University's quad suddenly erupted into music as fifty dance majors performed a surprise choreographed routine to celebrate Arts Week. ""We wanted to bring joy and energy,"" said organizer Leah Ogorzelec, who spent two weeks planning the event in secret. ""By all accounts, we succeeded!"" Students gathered in droves, cheering and filming the spectacle. ""It made my day,"" said freshman Ryan Patel, who shared the video on social media. Within hours, clips of the flash mob were trending, earning thousands of likes and comments.
The performance ended with a dramatic group pose and applause echoing across campus. ""It's all about making art accessible to everyone,"" Ms. Ogorzelec explained. Faculty praised the creativity of the event, calling it a perfect kickoff to Arts Week. The event has sparked conversations about adding more spontaneous art experiences to campus life, proving that a little rhythm can unite an entire community.","at noon yesterday, summit view university's quad suddenly erupted into music as fifty dance majors performed a surprise choreographed routine to celebrate arts week. ""we wanted to bring joy and energy,"" said organizer leah ogorzelec, who spent two weeks planning the event in secret. ""by all accounts, we succeeded!"" students gathered in droves, cheering and filming the spectacle. ""it made my day,"" said freshman ryan patel, who shared the video on social media. within hours, clips of the flash mob were trending, earning thousands of likes and comments. the performance ended with a dramatic group pose and applause echoing across campus. ""it's all about making art accessible to everyone,"" ms. ogorzelec explained. faculty praised the creativity of the event, calling it a perfect kickoff to arts week. the event has sparked conversations about adding more spontaneous art experiences to campus life, proving that a little rhythm can unite an entire community.","sha256:3aef21a4eca02c8131394a1ba6a1638a7ffca9746b79d2681984f367f19218e4","available","345448dbb8ebb26d935d78cdb8dcfd40800993fe54054e4feb68788815ff163e","bf72d069c05ac1b5","1347","1259","1.06989674","RDL_DEDUP_PREVIEWS/RDL-066.jpg","800","748","public/reading/rdl/rdl-066/material_final.png","public/reading/rdl/rdl-066/selection_map.json","frozen_verified"
"RDL-067","[""6.7C""]","[{""occurrenceId"":""6.7C-M1-RDL-02"",""set"":""6.7C"",""sourceDate"":""2026-06-07"",""sourceFile"":""6月/PDF/M1_20260607C_ R_01-35_PDF.pdf"",""questionRange"":{""start"":23,""end"":24},""rdlType"":""Read a notice.""}]","Finals Week Library Hours","reviewed_canonical","EXTENDED LIBRARY HOURS FOR FINAL EXAMS
Starting April 22, the Lakeside University Library will stay open until midnight. During these extended hours, study rooms will provide expedited reference desk support. Study rooms will continue to provide complimentary beverages, access to printers, and pod-style seating for combining individual and collaborative work.","extended library hours for final exams starting april 22, the lakeside university library will stay open until midnight. during these extended hours, study rooms will provide expedited reference desk support. study rooms will continue to provide complimentary beverages, access to printers, and pod-style seating for combining individual and collaborative work.","sha256:27faab0d8a873bb155bccacba7142565c788a370ef45ebd330dfc0b15c0f030b","available","d77a2b190d0efe218d2996f6ad09438b5ebd54ce529f0101fc27f8a1512a6ec9","baabc552928549fc","1810","940","1.92553191","RDL_DEDUP_PREVIEWS/RDL-067.jpg","800","415","public/reading/rdl/rdl-067/material_final.png","public/reading/rdl/rdl-067/selection_map.json","frozen_verified"
"RDL-068","[""6.7C""]","[{""occurrenceId"":""6.7C-M1-RDL-03"",""set"":""6.7C"",""sourceDate"":""2026-06-07"",""sourceFile"":""6月/PDF/M1_20260607C_ R_01-35_PDF.pdf"",""questionRange"":{""start"":25,""end"":27},""rdlType"":""Read an email.""}]","Supporting Information Needed","reviewed_canonical","Subject: Supporting information needed
Attachments: 1 file
Dear Ms. Gupta, Thank you for submitting your research grant application. The committee is ready to finalize our review, but a few items in the proposed budget need clarification to ensure accurate evaluation:
• For equipment, provide a brief justification and confirmation that the items are allowed under the grant's guidelines. • For contracted services, please identify the intended vendor (or note ""to be determined"") and provide the basis for the cost estimate.
Please upload the revised budget via the grant portal by November 18. I have attached sample budget scenarios that you may use as examples when making your calculations. Please also verify your current enrollment by uploading a PDF of your course schedule. I'm happy to discuss any questions by phone or email. Thank you for your prompt attention.
Regards,
Michael Anderson Office of Sponsored Programs","subject: supporting information needed attachments: 1 file dear ms. gupta, thank you for submitting your research grant application. the committee is ready to finalize our review, but a few items in the proposed budget need clarification to ensure accurate evaluation: • for equipment, provide a brief justification and confirmation that the items are allowed under the grant's guidelines. • for contracted services, please identify the intended vendor (or note ""to be determined"") and provide the basis for the cost estimate. please upload the revised budget via the grant portal by november 18. i have attached sample budget scenarios that you may use as examples when making your calculations. please also verify your current enrollment by uploading a pdf of your course schedule. i'm happy to discuss any questions by phone or email. thank you for your prompt attention. regards, michael anderson office of sponsored programs","sha256:a089cb423828a5f3011598d7cc18b85effd39c95b224f8bae24bee204f7c1ed7","available","213359cd095f55507c31ce083e570f96acd5ea82439ce3e132a05aed632caefb","bf7e946978806ac1","1302","1302","1","RDL_DEDUP_PREVIEWS/RDL-068.jpg","800","800","public/reading/rdl/rdl-068/material_final.png","public/reading/rdl/rdl-068/selection_map.json","frozen_verified"
"RDL-069","[""6.10A""]","[{""occurrenceId"":""6.10A-M1-RDL-01"",""set"":""6.10A"",""sourceDate"":""2026-06-10"",""sourceFile"":""6月/PDF/M1_20260610A_R_01-35_PDF.pdf"",""questionRange"":{""start"":21,""end"":22},""rdlType"":""Read a notice.""}]","Stem Peer Support Group","reviewed_canonical","Join the University STEM Peer Support Group!
We aim to throw a lifeline to students learning science, technology, engineering, and math (STEM) subjects. Attend Our Study Tips Workshop: Learn effective study techniques for midterms and finals. Armstrong Hall, Room 204 - February 8, 4:00 P.M. Email with questions.","join the university stem peer support group! we aim to throw a lifeline to students learning science, technology, engineering, and math (stem) subjects. attend our study tips workshop: learn effective study techniques for midterms and finals. armstrong hall, room 204 - february 8, 4:00 p.m. email with questions.","sha256:83ccf8ec0ed19cd340d24d3799673d8aa8368bd9b52a4164a635b3b89f042a21","available","494fff6e5155fbc189135720e9a3151e7948f33bf8e48b140d3fa5edc73a84df","a71960e49c33cb8f","1506","1127","1.33629104","RDL_DEDUP_PREVIEWS/RDL-069.jpg","800","599","public/reading/rdl/rdl-069/material_final.png","public/reading/rdl/rdl-069/selection_map.json","frozen_verified"
"RDL-070","[""6.14A""]","[{""occurrenceId"":""6.14A-M1-RDL-01"",""set"":""6.14A"",""sourceDate"":""2026-06-14"",""sourceFile"":""6月/PDF/M1_20260614A_R_01-35_PDF.pdf"",""questionRange"":{""start"":21,""end"":22},""rdlType"":""Read an email.""}]","Gym Membership","reviewed_canonical","Subject: Gym membership
Dear Mr. Taylor, Your membership at Gym World was successfully renewed on March 3. Your new membership card will arrive within five business days. Wait two business days to contact us if the card is delayed. Download our mobile app to learn about new weekly promotions. Regards, Jessica Martin","subject: gym membership dear mr. taylor, your membership at gym world was successfully renewed on march 3. your new membership card will arrive within five business days. wait two business days to contact us if the card is delayed. download our mobile app to learn about new weekly promotions. regards, jessica martin","sha256:6637e00078c4bb9f23a35106a396d7e50c2272d4c5e6395223826086fbe3e7f4","available","1153102a2c5c54671d5214a210014e46e9cd0081a8b3a590c2aaba5b24df10f5","8f387a876a85c4ce","1740","977","1.78096213","RDL_DEDUP_PREVIEWS/RDL-070.jpg","800","449","public/reading/rdl/rdl-070/material_final.png","public/reading/rdl/rdl-070/selection_map.json","frozen_verified"
"RDL-071","[""6.14A""]","[{""occurrenceId"":""6.14A-M1-RDL-02"",""set"":""6.14A"",""sourceDate"":""2026-06-14"",""sourceFile"":""6月/PDF/M1_20260614A_R_01-35_PDF.pdf"",""questionRange"":{""start"":23,""end"":24},""rdlType"":""Read an excerpt from a syllabus.""}]","Engl 101: Introduction To Literature","reviewed_canonical","ENGL 101: Introduction to Literature
This course introduces poetry, drama, and fiction, and encourages students to analyze themes such as personal identity and cultural intersections. Through class discussions and written assignments, participants will work together and individually to strengthen critical thinking and deepen their appreciation of literature.
Instructor: Dr. Maya Colton","engl 101: introduction to literature this course introduces poetry, drama, and fiction, and encourages students to analyze themes such as personal identity and cultural intersections. through class discussions and written assignments, participants will work together and individually to strengthen critical thinking and deepen their appreciation of literature. instructor: dr. maya colton","sha256:dca744ec2b34b0d32a89b27e9ca8b2bd2c7e4e589e69b04577c6cfce94eac89a","available","dd49d94b2e1a158306ababe9287308e926497771c4912b31ed82d9973f2073d5","bf65c05ad29ac895","1748","973","1.79650565","RDL_DEDUP_PREVIEWS/RDL-071.jpg","800","445","public/reading/rdl/rdl-071/material_final.png","public/reading/rdl/rdl-071/selection_map.json","frozen_verified"
"RDL-072","[""6.14A""]","[{""occurrenceId"":""6.14A-M1-RDL-03"",""set"":""6.14A"",""sourceDate"":""2026-06-14"",""sourceFile"":""6月/PDF/M1_20260614A_R_01-35_PDF.pdf"",""questionRange"":{""start"":25,""end"":27},""rdlType"":""Read a notice.""}]","Campus Traffic Advisory","reviewed_canonical","Urgent: Campus Transport and Traffic Advisory
Beginning November 6, infrastructure improvements will take place on North Avenue. Work is scheduled from 7:00 A.M. to 7:00 P.M. daily, Mondays through Saturdays. Expect delays during the above hours, when North Avenue will be reduced to one lane in each direction. Students and staff are strongly encouraged to use alternative routes or the university's expanded shuttle service.
Shuttle wait time will be decreased from 20 to 15 minutes at the following pick-up points: • East Hall • West Commons • Central Library
Parking on North Avenue will be temporarily suspended starting on November 6. For students and staff requiring parking accommodations, overflow lots will be available at the Pemberton Parking Complex. Residents should expect increased noise and dust in the vicinity. We appreciate your understanding as the Campus Services office strives to enhance traffic efficiency and accessibility on campus. For updates, visit the university's infrastructure website.","urgent: campus transport and traffic advisory beginning november 6, infrastructure improvements will take place on north avenue. work is scheduled from 7:00 a.m. to 7:00 p.m. daily, mondays through saturdays. expect delays during the above hours, when north avenue will be reduced to one lane in each direction. students and staff are strongly encouraged to use alternative routes or the university's expanded shuttle service. shuttle wait time will be decreased from 20 to 15 minutes at the following pick-up points: • east hall • west commons • central library parking on north avenue will be temporarily suspended starting on november 6. for students and staff requiring parking accommodations, overflow lots will be available at the pemberton parking complex. residents should expect increased noise and dust in the vicinity. we appreciate your understanding as the campus services office strives to enhance traffic efficiency and accessibility on campus. for updates, visit the university's infrastructure website.","sha256:4b02db8e8e70adfa14bfbba819e5bbc7339f1c80612085b8938109715374872f","available","1c08dd540a4033d3c2030505372b5e64b6238f4b768f86248db2f6d7ba80ac0b","bf526ac594b1629a","1337","1269","1.0535855","RDL_DEDUP_PREVIEWS/RDL-072.jpg","800","759","public/reading/rdl/rdl-072/material_final.png","public/reading/rdl/rdl-072/selection_map.json","frozen_verified"
"RDL-073","[""6.17A""]","[{""occurrenceId"":""6.17A-M1-RDL-01"",""set"":""6.17A"",""sourceDate"":""2026-06-17"",""sourceFile"":""6月/PDF/M1_202060617A_R_01-35_PDF.pdf"",""questionRange"":{""start"":21,""end"":22},""rdlType"":""Read an email.""}]","Housing Renewal Application","reviewed_canonical","From: callesa@blackthorn.edu
Subject: Housing renewal application
Dear Ms. Lawson,
I request renewal of my contract for Oakwood Hall room 213 for the fall semester. As student council chairperson, I remain eligible for housing at Oakwood. Could you confirm the renewal deadline, updated billing dates and amounts due, and required paperwork?
Thank you, Alex Calles","from: callesa@blackthorn.edu subject: housing renewal application dear ms. lawson, i request renewal of my contract for oakwood hall room 213 for the fall semester. as student council chairperson, i remain eligible for housing at oakwood. could you confirm the renewal deadline, updated billing dates and amounts due, and required paperwork? thank you, alex calles","sha256:44466a19922d3498982fdccf163f9c370b5c54ebda4a73ebdcfc060dc1f001a1","available","b27e02ce4553b718c15f7dc0739359720f9617b84034e5a46e042a1145c563d4","bf3ad230e8c4c497","1601","1061","1.50895382","RDL_DEDUP_PREVIEWS/RDL-073.jpg","800","530","public/reading/rdl/rdl-073/material_final.png","public/reading/rdl/rdl-073/selection_map.json","frozen_verified"
"RDL-074","[""6.21A"",""6.21B""]","[{""occurrenceId"":""6.21A-M1-RDL-02"",""set"":""6.21A"",""sourceDate"":""2026-06-21"",""sourceFile"":""6月/PDF/M1_20260621A_ R_01-35_PDF.pdf"",""questionRange"":{""start"":23,""end"":24},""rdlType"":""Read a notice.""},{""occurrenceId"":""6.21B-M1-RDL-02"",""set"":""6.21B"",""sourceDate"":""2026-06-21"",""sourceFile"":""6月/PDF/M1_20260621B_ R_01-35_PDF.pdf"",""questionRange"":{""start"":23,""end"":24},""rdlType"":""Read a notice.""}]","Bella Italia Dining Notice","reviewed_canonical","NOTICE
Welcome to Bella Italia, the new campus dining gem! Please note that reservations are required on Fridays and Saturdays. The weekly Chef's Special is sure to be a real treat. Kindly communicate any dietary restrictions to staff upon your arrival. We anticipate your visit will be both satisfying and memorable.","notice welcome to bella italia, the new campus dining gem! please note that reservations are required on fridays and saturdays. the weekly chef's special is sure to be a real treat. kindly communicate any dietary restrictions to staff upon your arrival. we anticipate your visit will be both satisfying and memorable.","sha256:47b21440634bb8b2681870950a89bb428e50cea198a4e4d3e3d31d82566c973d","available","d7112f4f8de79bbc5ec55a7aa3764fcb991dfe7dfae77f034aae261e248eb032","bfe2c03cca1d6958","1615","1052","1.5351711","RDL_DEDUP_PREVIEWS/RDL-074.jpg","800","521","public/reading/rdl/rdl-074/material_final.png","public/reading/rdl/rdl-074/selection_map.json","frozen_verified"
"RDL-075","[""6.22A""]","[{""occurrenceId"":""6.22A-M1-RDL-02"",""set"":""6.22A"",""sourceDate"":""2026-06-22"",""sourceFile"":""6月/PDF/M1_20260622A_ R_01-35_PDF.pdf"",""questionRange"":{""start"":23,""end"":24},""rdlType"":""Read a course description.""}]","Math 101 Calculus I","reviewed_canonical","MATH 101 Calculus I Topics: limits, derivatives, and integrals of single-variable functions for growth and area problems. Participation: one weekly lecture and two discussion meetings each week. Assessment: one problem set per month; midterm and final exams. Prerequisite: Algebra II or equivalent. Schedule: Mon. (lecture), Wed., Fri. 9:00–9:50 A.M. (in person).","math 101 calculus i topics: limits, derivatives, and integrals of single-variable functions for growth and area problems. participation: one weekly lecture and two discussion meetings each week. assessment: one problem set per month; midterm and final exams. prerequisite: algebra ii or equivalent. schedule: mon. (lecture), wed., fri. 9:00–9:50 a.m. (in person).","sha256:b45b068ef543da8615036de23c7454700fbabce205b37c41f4b138cfcbe24930","available","9a2f1a26d895eb51c5392b6b9101217f118aa55f82dad4f009ac8ae09bdfc552","fb1f0f34c4f0d0d0","1741","977","1.78198567","RDL_DEDUP_PREVIEWS/RDL-075.jpg","800","449","public/reading/rdl/rdl-075/material_final.png","public/reading/rdl/rdl-075/selection_map.json","frozen_verified"
"RDL-076","[""6.22A""]","[{""occurrenceId"":""6.22A-M1-RDL-03"",""set"":""6.22A"",""sourceDate"":""2026-06-22"",""sourceFile"":""6月/PDF/M1_20260622A_ R_01-35_PDF.pdf"",""questionRange"":{""start"":25,""end"":27},""rdlType"":""Read a travel flyer.""}]","Discover Estonia's Timeless Charm","reviewed_canonical","Discover Estonia's Timeless Charm
Nestled in northern Europe, Estonia blends cultural heritage with natural beauty, making it a captivating destination. Its crown jewel, Tallinn's medieval Old Town—a UNESCO World Heritage site—invites visitors to wander cobblestone streets, admire historic buildings, and climb St. Olaf's Church for sweeping views. Town Hall Square buzzes with markets, offering a glimpse of vibrant local life. Just outside the capital, Lahemaa National Park showcases misty forests, tranquil bogs, and pristine coastlines. Adventurers can explore scenic trails and spot wildlife like moose and lynx. Off the coast, Kihnu Island preserves age-old traditions, where locals wear folk attire and celebrate with music and festivals, offering an authentic cultural experience. English is widely spoken, but learning a few Estonian phrases will enrich your journey. With its long daylight hours and mild weather, summer is the ideal season to explore Estonia's enchanting landscapes and living history.","discover estonia's timeless charm nestled in northern europe, estonia blends cultural heritage with natural beauty, making it a captivating destination. its crown jewel, tallinn's medieval old town—a unesco world heritage site—invites visitors to wander cobblestone streets, admire historic buildings, and climb st. olaf's church for sweeping views. town hall square buzzes with markets, offering a glimpse of vibrant local life. just outside the capital, lahemaa national park showcases misty forests, tranquil bogs, and pristine coastlines. adventurers can explore scenic trails and spot wildlife like moose and lynx. off the coast, kihnu island preserves age-old traditions, where locals wear folk attire and celebrate with music and festivals, offering an authentic cultural experience. english is widely spoken, but learning a few estonian phrases will enrich your journey. with its long daylight hours and mild weather, summer is the ideal season to explore estonia's enchanting landscapes and living history.","sha256:2a9d6de92aae473510f2a9a7c84a76830021b22d0863d7f93d8b1e3eedf8907d","available","5f505239bbeefc6e543d05d36bc6630a188d24ded1625788d0ada645d6d68896","bde0e070ce9e4a4b","1281","1323","0.96825397","RDL_DEDUP_PREVIEWS/RDL-076.jpg","775","800","public/reading/rdl/rdl-076/material_final.png","public/reading/rdl/rdl-076/selection_map.json","frozen_verified"
"RDL-077","[""6.23A""]","[{""occurrenceId"":""6.23A-M1-RDL-02"",""set"":""6.23A"",""sourceDate"":""2026-06-23"",""sourceFile"":""6月/PDF/M1_20260623A_ R_01-35_PDF.pdf"",""questionRange"":{""start"":23,""end"":24},""rdlType"":""Read an announcement.""}]","Poetry Magazine Submissions","reviewed_canonical","Submissions are now being solicited for the annual Brison College Poetry Magazine, a nationally recognized showcase for student poets. Selections are made by Creative Writing faculty. Acceptances will be announced March 3, and the magazine goes on sale May 1.
Questions? Contact Tania Jackson, Creative Writing Program Office.","submissions are now being solicited for the annual brison college poetry magazine, a nationally recognized showcase for student poets. selections are made by creative writing faculty. acceptances will be announced march 3, and the magazine goes on sale may 1. questions? contact tania jackson, creative writing program office.","sha256:8753e96690f875661c88be5796f10f8ce6c8d27eb9e3df61f0d92ced8f697f6d","available","ab0e86173d105fa5f3bdf34cc3238986be5baef1d337e2e7a6eacc9da6f30866","fa25a55a5aa52b4a","1467","1156","1.26903114","RDL_DEDUP_PREVIEWS/RDL-077.jpg","800","630","public/reading/rdl/rdl-077/material_final.png","public/reading/rdl/rdl-077/selection_map.json","frozen_verified"
"RDL-078","[""6.24A""]","[{""occurrenceId"":""6.24A-M1-RDL-01"",""set"":""6.24A"",""sourceDate"":""2026-06-24"",""sourceFile"":""6月/PDF/M1_20260624A_ R_01-35_PDF.pdf"",""questionRange"":{""start"":21,""end"":22},""rdlType"":""Read a notice.""}]","Bridgeford University Music & Culture Night","reviewed_canonical","BRIDGEFORD UNIVERSITY MUSIC & CULTURE NIGHT SPONSORED BY THE BRIDGEFORD MUSIC COUNCIL
Friday, March 14, 7:30–10:00 P.M. West Quad Amphitheater; rain location: Union Ballroom
North Lawn Folk Chorus + Tidal Brass Ensemble Free w/student ID; first 200 receive complimentary pins
Food trucks: Sunny Dumplings, Café Azul American Sign Language (ASL) interpretation provided RSVP: events.bridgefordu.edu/mcnight","bridgeford university music & culture night sponsored by the bridgeford music council friday, march 14, 7:30–10:00 p.m. west quad amphitheater; rain location: union ballroom north lawn folk chorus + tidal brass ensemble free w/student id; first 200 receive complimentary pins food trucks: sunny dumplings, café azul american sign language (asl) interpretation provided rsvp: events.bridgefordu.edu/mcnight","sha256:520c4346aa078eec8f8ffebc630d2f461fe77673330f772d8ba7d7ed0ea050d2","available","51d545b2aa85654cd869155293ea0b48e050100f571330b7a5fe7297653440df","bf2fc232c19495e8","1612","1054","1.52941176","RDL_DEDUP_PREVIEWS/RDL-078.jpg","800","523","public/reading/rdl/rdl-078/material_final.png","public/reading/rdl/rdl-078/selection_map.json","frozen_verified"
"RDL-079","[""6.24A""]","[{""occurrenceId"":""6.24A-M1-RDL-02"",""set"":""6.24A"",""sourceDate"":""2026-06-24"",""sourceFile"":""6月/PDF/M1_20260624A_ R_01-35_PDF.pdf"",""questionRange"":{""start"":23,""end"":25},""rdlType"":""Read an article in a student newspaper.""}]","University Research Reactor","reviewed_canonical","Yesterday, the university flipped the switch on its new nuclear research reactor in the basement of the Franklin Applied Energy Lab, turning the engineering quad into the hottest spot on campus—literally and figuratively. The reactor, about the size of a classroom, won't charge cell phones or brew coffee; it's built for neutron experiments, advanced materials research, and isotope production. ""The launch of this laboratory will provide unparalleled opportunities for the university,"" said Dr. Evelyn Pillai, project lead. While some students have expressed safety concerns, a university spokesperson assured the community that the reactor is safer than the chemistry labs most first-year students wander into. ""Radiation levels outside the facility are lower than what you'd get on a cross-country flight,"" said Dr. Pillai. Meanwhile, the Physics Club is planning a festive ""Critical Mass Mixer"" for Friday evening. The invitation features an atom whose colorful orbiting electrons are juggled by a mole.","yesterday, the university flipped the switch on its new nuclear research reactor in the basement of the franklin applied energy lab, turning the engineering quad into the hottest spot on campus—literally and figuratively. the reactor, about the size of a classroom, won't charge cell phones or brew coffee; it's built for neutron experiments, advanced materials research, and isotope production. ""the launch of this laboratory will provide unparalleled opportunities for the university,"" said dr. evelyn pillai, project lead. while some students have expressed safety concerns, a university spokesperson assured the community that the reactor is safer than the chemistry labs most first-year students wander into. ""radiation levels outside the facility are lower than what you'd get on a cross-country flight,"" said dr. pillai. meanwhile, the physics club is planning a festive ""critical mass mixer"" for friday evening. the invitation features an atom whose colorful orbiting electrons are juggled by a mole.","sha256:5ba9b1e4fbdce5335bf2045fd69e2f4791211854df9563897671eca13d88d763","available","5588098365d3ce055c521636b1f401afcb5c4f85552d5b6e2679d9c6c1bfa769","abf0856ad26bd095","1548","1097","1.41112124","RDL_DEDUP_PREVIEWS/RDL-079.jpg","800","567","public/reading/rdl/rdl-079/material_final.png","public/reading/rdl/rdl-079/selection_map.json","frozen_verified"
"RDL-080","[""6.30A""]","[{""occurrenceId"":""6.30A-M1-RDL-01"",""set"":""6.30A"",""sourceDate"":""2026-06-30"",""sourceFile"":""6月/PDF/M1_20260630A_ R_01-35_PDF.pdf"",""questionRange"":{""start"":21,""end"":22},""rdlType"":""Read a notice.""}]","Campus Volunteer Day","reviewed_canonical","CAMPUS VOLUNTEER DAY Join Riverton University staff, students, and partners. Saturday, April 14, 9:00 A.M.–2:00 P.M. Meet at Founders Quad for park cleanup and tree planting. Wear work clothes and boots suitable for digging and moving soil.
Contribute to potluck lunch. Receive a free T-shirt and a five-hour community service certificate.","campus volunteer day join riverton university staff, students, and partners. saturday, april 14, 9:00 a.m.–2:00 p.m. meet at founders quad for park cleanup and tree planting. wear work clothes and boots suitable for digging and moving soil. contribute to potluck lunch. receive a free t-shirt and a five-hour community service certificate.","sha256:f5ac063d25289c52401d51dd151a9424bb727879c792cf1813a42ffef7492a87","available","e4a5dc7795439b9271193f1ca6aea352f660107bb8639e8acee8f5cc578f667e","f8a885969771866b","1937","880","2.20113636","RDL_DEDUP_PREVIEWS/RDL-080.jpg","800","363","public/reading/rdl/rdl-080/material_final.png","public/reading/rdl/rdl-080/selection_map.json","frozen_verified"
"RDL-081","[""6.30A""]","[{""occurrenceId"":""6.30A-M1-RDL-02"",""set"":""6.30A"",""sourceDate"":""2026-06-30"",""sourceFile"":""6月/PDF/M1_20260630A_ R_01-35_PDF.pdf"",""questionRange"":{""start"":23,""end"":25},""rdlType"":""Read an article.""}]","Finals Week Blackout","reviewed_canonical","Blackout Brings Creativity to Finals Week
A sudden power outage during finals week left Smithfield students scrambling for solutions. Students took advantage of their smart-phone flashlights, and university staff provided camping lights for dorm lounges. ""It was stressful but kind of fun,"" said sophomore Grace Lee. The blackout lasted six hours, caused by a transformer failure near campus. Dining services offered free coffee, and professors extended deadlines to ease the pressure. ""We made the best of it,"" said senior Omar Davis, who studied with his bike light. Social media buzzed with photos of candlelit study sessions, turning the inconvenience into a moment of campus unity. Some students even organized impromptu acoustic concerts on the quad, proving that creativity thrives under constraints. ""It reminded us that community matters more than convenience,"" said Professor Laura Chen. By the early morning hours, power was restored, but the evening's events left a lasting impression.","blackout brings creativity to finals week a sudden power outage during finals week left smithfield students scrambling for solutions. students took advantage of their smart-phone flashlights, and university staff provided camping lights for dorm lounges. ""it was stressful but kind of fun,"" said sophomore grace lee. the blackout lasted six hours, caused by a transformer failure near campus. dining services offered free coffee, and professors extended deadlines to ease the pressure. ""we made the best of it,"" said senior omar davis, who studied with his bike light. social media buzzed with photos of candlelit study sessions, turning the inconvenience into a moment of campus unity. some students even organized impromptu acoustic concerts on the quad, proving that creativity thrives under constraints. ""it reminded us that community matters more than convenience,"" said professor laura chen. by the early morning hours, power was restored, but the evening's events left a lasting impression.","sha256:ea017e0746407c41ed056817f0580c34bef559619cc6da045c6a136f773147d0","available","8b9068b3b9bb597ad3ef5bfe3370bd4d3440aa8e017b9378edb1f2fdade672db","bfe0c0a4c417da1f","1289","1316","0.97948328","RDL_DEDUP_PREVIEWS/RDL-081.jpg","784","800","public/reading/rdl/rdl-081/material_final.png","public/reading/rdl/rdl-081/selection_map.json","frozen_verified"
"RDL-082","[""6.30B""]","[{""occurrenceId"":""6.30B-M1-RDL-02"",""set"":""6.30B"",""sourceDate"":""2026-06-30"",""sourceFile"":""6月/PDF/M1_20260630B_ R_01-35_PDF.pdf"",""questionRange"":{""start"":23,""end"":24},""rdlType"":""Read a course description.""}]","Lit304 Shakespeare's Kings","reviewed_canonical","LIT304 Shakespeare's Kings
This course will explore the variety of ways in which Shakespeare's historical plays and tragedies depict monarchical power and its effects on those who wield it. Students will read a selection of plays and work in teams to stage scenes from them. Other assignments include texts on monarchy by Shakespeare's contemporaries and a 10-page reflection essay.","lit304 shakespeare's kings this course will explore the variety of ways in which shakespeare's historical plays and tragedies depict monarchical power and its effects on those who wield it. students will read a selection of plays and work in teams to stage scenes from them. other assignments include texts on monarchy by shakespeare's contemporaries and a 10-page reflection essay.","sha256:a3ca69310edf24106ca52634d10265c6dbf4ffe85d5bd069eb8fdc966e2c3164","available","0267dc6287035d800a9f9dd0e292f188d9fd8c1975184640353be34b21d4ca80","bf3bd48fc062c846","1853","919","2.01632209","RDL_DEDUP_PREVIEWS/RDL-082.jpg","800","397","public/reading/rdl/rdl-082/material_final.png","public/reading/rdl/rdl-082/selection_map.json","frozen_verified"
"RDL-083","[""6.30B""]","[{""occurrenceId"":""6.30B-M1-RDL-03"",""set"":""6.30B"",""sourceDate"":""2026-06-30"",""sourceFile"":""6月/PDF/M1_20260630B_ R_01-35_PDF.pdf"",""questionRange"":{""start"":25,""end"":27},""rdlType"":""Read a text-message chain.""}]","Student Council Meeting Chat","reviewed_canonical","Ella Morcant (4:45 P.M.): What’s on the agenda for the student council meeting? Ryan Quenby (4:47 P.M.): Budget approvals, spring event planning, and drafting the revised constitution. Ella Morcant (4:49 P.M.): Got it. Are we voting on new club proposals? Ryan Quenby (4:51 P.M.): If time permits. Ella Morcant (4:53 P.M.): Well, I’ll bring the tentative membership lists and the proposal summaries. I sure hope we get to them. Ryan Quenby (4:55 P.M.): We shall see. Priority is finalizing funding allocations. I’ll print the revised budget sheets and prep the financial summary. But the funding discussion may not take very long, so fingers crossed for the club discussion. Maria always keeps good track of time. Ella Morcant (4:57 P.M.): Great! You are the finance whiz! Thanks for handling the relevant documents. I’ll review the last meeting’s minutes and highlight pending motions. Ryan Quenby (4:59 P.M.): Awesome. I’ll set up the projector and check the videoconferencing link for remote members. Let’s hope Maria brings snacks this time!","ella morcant (4:45 p.m.): what's on the agenda for the student council meeting? ryan quenby (4:47 p.m.): budget approvals, spring event planning, and drafting the revised constitution. ella morcant (4:49 p.m.): got it. are we voting on new club proposals? ryan quenby (4:51 p.m.): if time permits. ella morcant (4:53 p.m.): well, i'll bring the tentative membership lists and the proposal summaries. i sure hope we get to them. ryan quenby (4:55 p.m.): we shall see. priority is finalizing funding allocations. i'll print the revised budget sheets and prep the financial summary. but the funding discussion may not take very long, so fingers crossed for the club discussion. maria always keeps good track of time. ella morcant (4:57 p.m.): great! you are the finance whiz! thanks for handling the relevant documents. i'll review the last meeting's minutes and highlight pending motions. ryan quenby (4:59 p.m.): awesome. i'll set up the projector and check the videoconferencing link for remote members. let's hope maria brings snacks this time!","sha256:2fb2fb22b79c3727e9168e0c79dc25099ececf29c9ebd9cbd67a989ea579e003","available","a8bb2f3d69dfdfd01d9c9d06ac1c6a2f9134811a4f7bcfa64ea00752f4efb0c9","ba97623ece8d9260","1351","1255","1.07649402","RDL_DEDUP_PREVIEWS/RDL-083.jpg","800","743","public/reading/rdl/rdl-083/material_final.png","public/reading/rdl/rdl-083/selection_map.json","frozen_verified"
"RDL-084","[""6.9""]","[{""occurrenceId"":""6.9-M1-RDL-04"",""set"":""6.9"",""sourceDate"":""2026-06-09"",""sourceFile"":""6月/PDF/M1_20260609A_R_01-35_PDF.pdf"",""questionRange"":{""start"":28,""end"":30},""rdlType"":""Read a course description.""}]","Culn 310 Advanced Techniques: Sous Vide","reviewed_canonical","Global Culinary Institute Spring 2024
CULN 310 Advanced Techniques: Sous Vide Course Description: This course explores the sous vide culinary method, a meticulous process in which vacuum-sealed pouches are placed in a water bath at a precisely controlled temperature. Students who successfully complete the course will be able to harness their knowledge of the biochemical interactions and thermal dynamics that underly the sous vide technique to achieve optimal flavor profiles and textural nuances. Successful students will also be able to demonstrate their understanding of the historical progression and contemporary adaptations of sous vide technology, engage with state-of-the-art sous vide equipment, and critically evaluate the applications of the sous vide technique in haute cuisine.
Prerequisites: CULN 110 (Foundational Culinary Arts) and CULN 153 (Introduction to Gastronomic Science). Enrollment is limited to Culinary Arts advanced track students.
Department: Culinary Arts
Schedule: MWF 2–5 P.M. Credits: Three (3)
Instructor: Marie Dubois, Certified Master Chef","global culinary institute spring 2024 culn 310 advanced techniques: sous vide course description: this course explores the sous vide culinary method, a meticulous process in which vacuum-sealed pouches are placed in a water bath at a precisely controlled temperature. students who successfully complete the course will be able to harness their knowledge of the biochemical interactions and thermal dynamics that underly the sous vide technique to achieve optimal flavor profiles and textural nuances. successful students will also be able to demonstrate their understanding of the historical progression and contemporary adaptations of sous vide technology, engage with state-of-the-art sous vide equipment, and critically evaluate the applications of the sous vide technique in haute cuisine. prerequisites: culn 110 (foundational culinary arts) and culn 153 (introduction to gastronomic science). enrollment is limited to culinary arts advanced track students. department: culinary arts schedule: mwf 2–5 p.m. credits: three (3) instructor: marie dubois, certified master chef","sha256:2ac30e6264eac17e8aa26e1be864114f9c5b9d7c4a26db20c3532f469efe2f09","available","55fddb7859981653015e39a7b8d4591c8f2c061b63e80e844104811f8cb04ec7","bf4a921bc035e4b5","1275","1233","1.03406326","RDL_DEDUP_PREVIEWS/RDL-084.jpg","800","774","public/reading/rdl/rdl-084/material_final.png","public/reading/rdl/rdl-084/selection_map.json","frozen_verified"
"RDL-085","[""6.21A"",""6.21B""]","[{""occurrenceId"":""6.21A-M1-RDL-04"",""set"":""6.21A"",""sourceDate"":""2026-06-21"",""sourceFile"":""6月/PDF/M1_20260621A_ R_01-35_PDF.pdf"",""questionRange"":{""start"":28,""end"":30},""rdlType"":""Read an article.""},{""occurrenceId"":""6.21B-M1-RDL-04"",""set"":""6.21B"",""sourceDate"":""2026-06-21"",""sourceFile"":""6月/PDF/M1_20260621B_ R_01-35_PDF.pdf"",""questionRange"":{""start"":28,""end"":30},""rdlType"":""Read an article.""}]","Kintsugi And Wabi-Sabi","reviewed_canonical","Kintsugi, an ancient Japanese art, transforms broken pottery into objects of beauty by highlighting, not hiding, their cracks. Artisans use lacquer mixed with powdered gold, silver, or platinum to repair fractures, creating pieces that often become more valued than their original form. Originating in the late fifteenth century, kintsugi reflects the philosophy of wabi-sabi, which honors imperfection and transience. Its message extends beyond ceramics, inspiring personal growth and resilience by advising people to embrace flaws as part of life’s narrative. Rather than viewing damage as failure, kintsugi reframes it as transformation, symbolizing strength, authenticity, and renewal in a perfection-driven world. Today, workshops and studios worldwide teach both its technical craft and its profound philosophy, offering learners not only artistic skills but insights into acceptance, individuality, and creative expression. Kintsugi stands as a timeless reminder that beauty lies in uniqueness and in the stories our “cracks” reveal, an idea that applies to academic life and beyond.","kintsugi, an ancient japanese art, transforms broken pottery into objects of beauty by highlighting, not hiding, their cracks. artisans use lacquer mixed with powdered gold, silver, or platinum to repair fractures, creating pieces that often become more valued than their original form. originating in the late fifteenth century, kintsugi reflects the philosophy of wabi-sabi, which honors imperfection and transience. its message extends beyond ceramics, inspiring personal growth and resilience by advising people to embrace flaws as part of life's narrative. rather than viewing damage as failure, kintsugi reframes it as transformation, symbolizing strength, authenticity, and renewal in a perfection-driven world. today, workshops and studios worldwide teach both its technical craft and its profound philosophy, offering learners not only artistic skills but insights into acceptance, individuality, and creative expression. kintsugi stands as a timeless reminder that beauty lies in uniqueness and in the stories our ""cracks"" reveal, an idea that applies to academic life and beyond.","sha256:accfd7dbb67628b26efe825be8c01b0dc671c266e32c32269b3b4a9d50de7268","available","0dcfe70fc73ee8695c0f206c1bba5ff238fa37f2ddfae2334c202a8dc1591d36","bbdb85a4c26b9494","1305","1205","1.08298755","RDL_DEDUP_PREVIEWS/RDL-085.jpg","800","739","public/reading/rdl/rdl-085/material_final.png","public/reading/rdl/rdl-085/selection_map.json","frozen_verified"
"RDL-086","[""6.23""]","[{""occurrenceId"":""6.23-M1-RDL-04"",""set"":""6.23"",""sourceDate"":""2026-06-23"",""sourceFile"":""6月/PDF/M1_20260623A_ R_01-35_PDF.pdf"",""questionRange"":{""start"":28,""end"":30},""rdlType"":""Read a newspaper article.""}]","Sustainable Campus Housing","reviewed_canonical","The Rise of Sustainable Living in University Housing Martinsburg (April 10) As universities trend toward eco-consciousness, more students are embracing sustainable living in campus housing. At Greenleaf University, the new EcoHousing initiative features solar panels and rainwater-harvesting systems. Select dorms also have communal gardens. This program aligns with students’ growing demand for environmentally friendly spaces. In a recent survey, 78 percent of Greenleaf students expressed interest in sustainable housing. The initiative also includes workshops on recycling and energy conservation, aiming to create environmentally aware graduates. Emily Hart, a senior in environmental science, noted, “Living sustainably on campus shows that daily choices have global impact.” The administration hopes this program will inspire other schools to follow suit. Greenleaf even offers financial incentives: Students who choose EcoHousing receive a 5 percent discount on housing fees. The university plans to expand the initiative to more dorms next year.","the rise of sustainable living in university housing martinsburg (april 10) as universities trend toward eco-consciousness, more students are embracing sustainable living in campus housing. at greenleaf university, the new ecohousing initiative features solar panels and rainwater-harvesting systems. select dorms also have communal gardens. this program aligns with students' growing demand for environmentally friendly spaces. in a recent survey, 78 percent of greenleaf students expressed interest in sustainable housing. the initiative also includes workshops on recycling and energy conservation, aiming to create environmentally aware graduates. emily hart, a senior in environmental science, noted, ""living sustainably on campus shows that daily choices have global impact."" the administration hopes this program will inspire other schools to follow suit. greenleaf even offers financial incentives: students who choose ecohousing receive a 5 percent discount on housing fees. the university plans to expand the initiative to more dorms next year.","sha256:b100b3c95ab6768a5b4957699490b33a971ec5c0ee95701eb36aea72cb0cfb61","available","e0465ad94a23a7bbb1ac833757d8758f2476cc314f130a52f581d548084daaf7","bf60c073c08d9d9e","1268","1240","1.02258065","RDL_DEDUP_PREVIEWS/RDL-086.jpg","800","782","public/reading/rdl/rdl-086/material_final.png","public/reading/rdl/rdl-086/selection_map.json","frozen_verified"
